Id,OverallQual,Neighborhood,GrLivArea,YearBuilt,GarageArea,TotalBsmtSF,FullBath,YearRemodAdd,2ndFlrSF,Foundation,Exterior2nd,Fireplaces,LotArea,Exterior1st,OpenPorchSF,SalePrice
1,7,CollgCr,1710,2003,548,856,2,2003,854,PConc,VinylSd,0,8450,VinylSd,61,208500
2,6,Veenker,1262,1976,460,1262,2,1976,0,CBlock,MetalSd,1,9600,MetalSd,0,181500
3,7,CollgCr,1786,2001,608,920,2,2002,866,PConc,VinylSd,1,11250,VinylSd,42,223500
4,7,Crawfor,1717,1915,642,756,1,1970,756,BrkTil,Wd Shng,1,9550,Wd Sdng,35,140000
5,8,NoRidge,2198,2000,836,1145,2,2000,1053,PConc,VinylSd,1,14260,VinylSd,84,250000
6,5,Mitchel,1362,1993,480,796,1,1995,566,Wood,VinylSd,0,14115,VinylSd,30,143000
7,8,Somerst,1694,2004,636,1686,2,2005,0,PConc,VinylSd,1,10084,VinylSd,57,307000
8,7,NWAmes,2090,1973,484,1107,2,1973,983,CBlock,HdBoard,2,10382,HdBoard,204,200000
9,7,OldTown,1774,1931,468,952,2,1950,752,BrkTil,Wd Shng,2,6120,BrkFace,0,129900
10,5,BrkSide,1077,1939,205,991,1,1950,0,BrkTil,MetalSd,2,7420,MetalSd,4,118000
11,5,Sawyer,1040,1965,384,1040,1,1965,0,CBlock,HdBoard,0,11200,HdBoard,0,129500
13,5,Sawyer,912,1962,352,912,1,1962,0,CBlock,Plywood,0,12968,HdBoard,0,144000
14,7,CollgCr,1494,2006,840,1494,2,2007,0,PConc,VinylSd,1,10652,VinylSd,33,279500
15,6,NAmes,1253,1960,352,1253,1,1960,0,CBlock,MetalSd,1,10920,MetalSd,213,157000
16,7,BrkSide,854,1929,576,832,1,2001,0,BrkTil,Wd Sdng,0,6120,Wd Sdng,112,132000
17,6,NAmes,1004,1970,480,1004,1,1970,0,CBlock,Wd Sdng,1,11241,Wd Sdng,0,149000
19,5,SawyerW,1114,2004,576,1114,1,2004,0,PConc,VinylSd,0,13695,VinylSd,102,159000
20,5,NAmes,1339,1958,294,1029,1,1965,0,CBlock,Plywood,0,7560,BrkFace,0,139000
21,8,NridgHt,2376,2005,853,1158,3,2006,1218,PConc,VinylSd,1,14215,VinylSd,154,325300
22,7,IDOTRR,1108,1930,280,637,1,1950,0,PConc,Wd Sdng,1,7449,Wd Sdng,0,139400
23,8,CollgCr,1795,2002,534,1777,2,2002,0,PConc,VinylSd,1,9742,VinylSd,159,230000
24,5,MeadowV,1060,1976,572,1040,1,1976,0,PConc,CmentBd,1,4224,CemntBd,110,129900
25,5,Sawyer,1060,1968,270,1060,1,2001,0,CBlock,Plywood,1,8246,Plywood,90,154000
26,8,NridgHt,1600,2007,890,1566,2,2007,0,PConc,VinylSd,1,14230,VinylSd,56,256300
27,5,NAmes,900,1951,576,900,1,2000,0,CBlock,Wd Sdng,0,7200,Wd Sdng,32,134800
28,8,NridgHt,1704,2007,772,1704,2,2008,0,PConc,VinylSd,1,11478,VinylSd,50,306000
30,4,BrkSide,520,1927,240,520,1,1950,0,BrkTil,MetalSd,0,6324,MetalSd,0,68500
32,5,Sawyer,1228,1966,271,1228,1,2006,0,CBlock,HdBoard,0,8544,HdBoard,65,149350
33,8,CollgCr,1234,2007,484,1234,2,2007,0,PConc,VinylSd,0,11049,VinylSd,30,179900
34,5,NAmes,1700,1959,447,1398,1,1959,0,CBlock,BrkFace,1,10552,BrkFace,38,165500
36,8,NridgHt,2452,2004,691,1117,3,2005,1320,PConc,VinylSd,1,13418,VinylSd,32,309000
37,5,CollgCr,1097,1994,672,1097,1,1995,0,PConc,VinylSd,0,10859,VinylSd,64,145000
38,5,NAmes,1297,1954,498,1297,1,1990,0,CBlock,Wd Sdng,1,8532,Wd Sdng,0,153000
39,5,NAmes,1057,1953,246,1057,1,2007,0,CBlock,VinylSd,0,7922,VinylSd,52,109000
41,6,NAmes,1324,1965,440,1088,2,1965,0,CBlock,Wd Sdng,1,8658,Wd Sdng,138,160000
42,5,Timber,1328,1959,308,1350,1,1959,0,CBlock,VinylSd,2,16905,VinylSd,104,170000
43,5,SawyerW,884,1983,504,840,1,1983,0,CBlock,HdBoard,0,9180,HdBoard,0,144000
44,5,CollgCr,938,1975,308,938,1,1980,0,CBlock,VinylSd,0,9200,VinylSd,0,130250
45,5,NAmes,1150,1959,300,1150,1,1959,0,CBlock,Wd Sdng,0,7945,BrkFace,0,141000
49,4,OldTown,1452,1920,0,736,2,2008,716,BrkTil,MetalSd,0,4456,MetalSd,0,113000
50,5,Sawyer,955,1966,386,955,1,1966,0,CBlock,HdBoard,0,7742,HdBoard,0,127000
51,6,Gilbert,1470,1997,388,794,2,1997,676,PConc,VinylSd,0,13869,VinylSd,75,177000
52,6,BrkSide,1176,1934,528,816,1,1950,0,PConc,Wd Sdng,1,6240,Wd Sdng,0,114500
55,5,NAmes,1360,1955,572,384,1,1955,0,CBlock,MetalSd,1,7134,MetalSd,50,130000
56,6,NAmes,1425,1964,576,1425,2,1964,0,CBlock,Plywood,1,10175,HdBoard,0,180500
57,8,Somerst,1739,1999,480,970,2,2000,756,PConc,MetalSd,0,2645,MetalSd,0,172500
58,7,CollgCr,1720,2004,565,860,2,2004,860,PConc,VinylSd,0,11645,VinylSd,70,196500
60,5,CollgCr,780,1972,352,780,1,1972,0,CBlock,HdBoard,0,7200,HdBoard,0,124900
61,6,SawyerW,1158,2004,576,1158,1,2004,0,PConc,VinylSd,0,13072,VinylSd,50,158000
62,5,IDOTRR,1111,1920,288,530,1,1996,530,BrkTil,MetalSd,0,7200,MetalSd,0,101000
63,8,NridgHt,1370,2006,484,1370,2,2006,0,PConc,VinylSd,1,6442,VinylSd,49,202500
64,7,OldTown,1710,1921,480,576,2,1950,808,BrkTil,Stucco,0,10300,Stucco,11,140000
65,7,CollgCr,2034,1997,645,1057,2,1998,977,PConc,VinylSd,0,9375,VinylSd,36,219500
66,8,NridgHt,2473,2004,852,1143,2,2005,1330,PConc,VinylSd,1,9591,VinylSd,151,317000
67,7,NAmes,2207,1970,576,1947,2,1989,0,CBlock,Plywood,1,19900,Plywood,0,180000
68,7,CollgCr,1479,2003,558,1453,2,2003,0,PConc,VinylSd,0,10665,VinylSd,29,226000
69,4,OldTown,747,1945,220,747,1,1950,0,CBlock,MetalSd,0,4608,MetalSd,0,80000
72,4,Mitchel,845,1982,360,845,1,2006,0,CBlock,Plywood,0,7599,HdBoard,0,129500
73,7,Gilbert,1718,1998,427,832,2,1998,833,PConc,VinylSd,1,10141,VinylSd,94,185000
74,5,NAmes,1086,1954,490,1086,1,2003,0,CBlock,Wd Sdng,0,10200,Wd Sdng,0,144900
75,3,OldTown,1605,1915,379,840,2,1950,765,CBlock,VinylSd,0,5790,VinylSd,0,107400
76,4,MeadowV,988,1973,297,462,1,1973,462,CBlock,CmentBd,0,1596,CemntBd,101,91000
77,4,NAmes,952,1956,283,952,1,1956,0,CBlock,VinylSd,0,8475,VinylSd,0,135750
78,5,BrkSide,1285,1948,240,672,1,2001,213,CBlock,Wd Sdng,0,8635,Wd Sdng,0,127000
79,4,Sawyer,1768,1968,0,1768,2,1968,0,CBlock,HdBoard,0,10778,HdBoard,0,136500
81,6,NAmes,2142,1968,509,896,2,1968,960,CBlock,VinylSd,1,13000,VinylSd,72,193500
82,6,Mitchel,1337,1998,405,1237,2,1998,0,PConc,VinylSd,0,4500,VinylSd,199,153500
83,8,Somerst,1563,2007,758,1563,2,2007,0,PConc,VinylSd,1,10206,VinylSd,99,245000
84,5,NAmes,1065,1960,461,1065,1,1960,0,CBlock,MetalSd,0,8892,MetalSd,0,126500
85,7,Gilbert,1474,1995,400,384,2,1996,670,PConc,HdBoard,1,8530,HdBoard,72,168500
87,6,Gilbert,1560,2005,400,684,2,2005,876,PConc,VinylSd,1,11911,VinylSd,38,174000
88,6,Somerst,1224,2009,528,612,2,2009,612,PConc,VinylSd,0,3951,VinylSd,234,164500
89,3,IDOTRR,1526,1915,0,1013,1,1982,0,CBlock,Plywood,0,8470,Plywood,0,85000
90,4,CollgCr,990,1994,0,990,1,1995,0,PConc,VinylSd,0,8070,VinylSd,0,123600
93,5,Crawfor,964,1921,432,876,1,2006,0,BrkTil,Wd Sdng,0,13360,Wd Sdng,0,163500
94,6,OldTown,2291,1910,506,1214,2,1998,1031,BrkTil,MetalSd,1,7200,MetalSd,0,133900
95,6,CollgCr,1786,1997,684,824,2,1997,881,PConc,VinylSd,0,9337,VinylSd,162,204750
96,6,Gilbert,1470,1993,420,680,2,1993,790,PConc,VinylSd,1,9765,VinylSd,63,185000
97,7,CollgCr,1588,1999,472,1588,2,1999,0,PConc,VinylSd,0,10264,VinylSd,29,214000
99,5,Edwards,835,1920,366,458,1,1950,0,BrkTil,Wd Sdng,0,10625,Wd Sdng,0,83000
100,4,NAmes,1225,1959,0,950,1,1959,0,CBlock,Plywood,0,9320,Plywood,0,128950
101,6,NWAmes,1610,1977,480,1610,2,2001,0,PConc,Plywood,2,10603,Plywood,68,205000
102,6,SawyerW,1732,1985,476,741,2,1985,755,CBlock,HdBoard,1,9206,HdBoard,46,178000
104,7,CollgCr,1226,2009,740,1226,2,2009,0,PConc,VinylSd,0,10402,VinylSd,36,198900
105,7,IDOTRR,1818,1931,240,1040,1,1950,592,PConc,Stucco,2,7758,Stucco,0,169500
106,8,Somerst,1992,2003,648,1053,2,2004,939,PConc,VinylSd,1,9375,VinylSd,45,250000
107,4,OldTown,1047,1885,273,641,1,1995,0,BrkTil,VinylSd,0,10800,VinylSd,0,100000
108,5,OldTown,789,1948,250,789,1,1950,0,CBlock,VinylSd,0,6000,VinylSd,0,115000
109,5,IDOTRR,1517,1919,0,793,2,2005,520,CBlock,CmentBd,0,8500,CemntBd,0,115000
110,6,NWAmes,1844,1977,546,1844,2,1977,0,CBlock,Plywood,1,11751,Plywood,122,190000
111,6,Edwards,1855,1954,325,994,2,1972,639,CBlock,Wd Sdng,0,9525,Wd Sdng,0,136900
112,7,Gilbert,1430,2000,400,384,2,2000,656,PConc,VinylSd,1,7750,VinylSd,0,180000
114,6,Crawfor,2259,1953,450,1809,2,1953,0,CBlock,Wd Sdng,2,21000,Wd Sdng,120,217000
116,6,Somerst,1458,1999,440,729,2,1999,729,PConc,MetalSd,1,3230,MetalSd,32,176000
117,5,Sawyer,1092,1962,288,1092,1,1962,0,CBlock,Wd Sdng,1,11616,Wd Sdng,20,139000
118,5,Edwards,1125,2006,430,1125,1,2007,0,PConc,VinylSd,0,8536,VinylSd,64,155000
120,6,CollgCr,1456,2005,390,728,2,2006,728,PConc,VinylSd,1,8461,VinylSd,24,163990
121,6,ClearCr,988,1969,540,938,1,1969,0,CBlock,Plywood,2,21453,Plywood,130,180000
122,4,IDOTRR,1123,1939,264,732,1,1950,351,PConc,AsbShng,0,6060,AsbShng,0,100000
123,6,NAmes,1080,1958,288,1080,1,1958,0,CBlock,MetalSd,0,9464,MetalSd,0,136000
124,6,SawyerW,1199,1993,530,1199,2,1993,0,PConc,Plywood,0,7892,Plywood,63,153900
125,6,NWAmes,1586,1979,435,1362,2,1998,0,CBlock,HdBoard,1,17043,HdBoard,0,181000
126,6,IDOTRR,754,1935,0,520,1,1982,0,CBlock,Wd Sdng,0,6780,Wd Sdng,0,84500
127,6,NPkVill,958,1976,440,1078,2,1976,0,CBlock,Plywood,1,4928,Plywood,205,128000
128,5,OldTown,840,1930,0,672,1,1950,0,BrkTil,Wd Sdng,1,4388,WdShing,0,87000
129,6,NAmes,1348,1966,453,660,1,1966,688,CBlock,VinylSd,1,7590,VinylSd,108,155000
130,5,NAmes,1053,1958,750,1008,1,1991,0,CBlock,Plywood,0,8973,Plywood,80,150000
133,5,NAmes,1327,1959,624,1063,1,2002,0,CBlock,MetalSd,0,7388,MetalSd,0,150750
134,8,Timber,1296,2001,471,1267,2,2002,0,PConc,VinylSd,0,6853,VinylSd,25,220000
135,5,Sawyer,1721,1968,440,1461,2,1993,0,CBlock,Plywood,1,10335,Plywood,96,180000
136,7,NWAmes,1682,1970,530,1304,2,1970,0,PConc,Plywood,1,10400,Plywood,0,174000
137,5,NAmes,1214,1967,318,1214,2,1967,0,CBlock,MetalSd,1,10355,MetalSd,111,143000
138,7,Mitchel,1959,1988,766,1907,3,1989,0,CBlock,VinylSd,0,11070,VinylSd,0,171000
139,8,CollgCr,1852,1999,660,1004,2,2000,848,PConc,VinylSd,2,9066,VinylSd,106,230000
140,6,CollgCr,1764,1997,470,928,2,1997,836,PConc,VinylSd,0,15426,VinylSd,99,231500
141,4,NAmes,864,1971,0,864,1,1971,0,CBlock,HdBoard,1,10500,HdBoard,0,115000
143,5,NAmes,1385,1952,720,910,2,1952,475,CBlock,Wd Sdng,0,8520,BrkFace,0,166000
144,7,CollgCr,1501,1999,577,1490,2,1999,0,PConc,VinylSd,0,10335,VinylSd,29,204000
145,5,Sawyer,1728,1963,504,1728,2,1963,0,CBlock,HdBoard,0,9100,HdBoard,0,125000
146,6,Edwards,1709,2004,380,970,2,2006,739,PConc,VinylSd,0,2522,VinylSd,40,130000
147,5,BrkSide,875,1931,180,715,1,1993,0,BrkTil,Wd Sdng,0,6120,Wd Sdng,0,105000
148,7,Gilbert,2035,2001,434,884,2,2001,1151,PConc,VinylSd,1,9505,VinylSd,48,222500
149,7,SawyerW,1080,2004,0,1080,1,2005,0,PConc,VinylSd,0,7500,VinylSd,0,141000
150,5,BrkSide,1344,1936,240,896,1,1950,448,BrkTil,MetalSd,0,6240,MetalSd,114,115000
151,5,CollgCr,969,1975,440,969,1,1975,0,CBlock,HdBoard,0,10356,HdBoard,0,122000
153,6,NWAmes,1993,1971,495,825,2,1971,896,CBlock,HdBoard,1,14803,HdBoard,66,190000
155,6,OldTown,1200,1923,312,1200,1,1950,0,BrkTil,Wd Sdng,0,11340,Wd Sdng,0,125000
158,8,Timber,1968,2009,680,774,2,2010,1194,PConc,VinylSd,1,12003,VinylSd,75,269500
159,7,Somerst,1947,2004,678,991,2,2005,956,PConc,VinylSd,1,12552,VinylSd,136,254900
161,6,Veenker,1232,1984,516,1232,2,1984,0,PConc,Plywood,0,11120,Plywood,0,162500
163,7,NridgHt,1541,2005,532,1541,2,2005,0,PConc,VinylSd,1,12182,VinylSd,70,220000
166,5,Edwards,1355,1940,0,644,2,1999,547,BrkTil,Wd Sdng,0,10106,Wd Sdng,0,127500
169,7,Gilbert,1720,2004,440,840,2,2004,880,PConc,VinylSd,1,8244,VinylSd,48,183500
170,8,Timber,1707,1981,511,1686,2,1981,0,CBlock,Plywood,1,16669,Plywood,64,228000
171,5,OldTown,1382,1941,660,720,1,1950,0,CBlock,MetalSd,0,12358,MetalSd,0,128500
173,7,StoneBr,1767,1987,504,1064,2,1987,703,PConc,HdBoard,1,5306,HdBoard,35,239000
175,6,Timber,1651,1986,616,1606,2,1986,0,CBlock,Plywood,1,12416,VinylSd,0,184000
177,6,ClearCr,2060,1988,521,1151,2,1989,896,PConc,Plywood,1,10029,Plywood,228,211000
178,5,Sawyer,1920,1958,451,1052,2,1958,668,CBlock,MetalSd,1,13650,MetalSd,0,172500
180,5,OldTown,968,1923,480,968,1,2006,0,CBlock,Wd Sdng,0,8520,Wd Sdng,0,100000
181,6,Somerst,1525,2000,440,756,2,2000,756,PConc,MetalSd,1,2117,MetalSd,0,177000
187,7,Mitchel,1217,1990,497,1188,2,1991,0,PConc,HdBoard,0,9947,HdBoard,27,173000
188,5,OldTown,1656,1916,180,660,2,1987,704,CBlock,HdBoard,0,10410,HdBoard,0,135000
189,5,SawyerW,1224,1979,528,1086,0,1979,0,CBlock,Plywood,2,7018,Plywood,0,153337
192,7,NAmes,1479,1972,484,725,1,2004,754,CBlock,HdBoard,0,7472,HdBoard,32,184000
193,7,CollgCr,1431,1999,666,1431,2,1999,0,PConc,VinylSd,0,9017,VinylSd,35,192000
194,7,Edwards,1709,2004,380,970,2,2004,739,PConc,VinylSd,0,2522,VinylSd,40,130000
195,5,CollgCr,864,1972,352,864,1,1972,0,CBlock,HdBoard,0,7180,HdBoard,0,127000
196,6,NPkVill,1456,1976,440,855,2,1976,601,CBlock,Brk Cmn,1,2280,Plywood,0,148500
199,6,OldTown,2229,1912,0,755,1,1950,929,CBlock,Wd Sdng,0,5520,Wd Sdng,198,104000
200,8,NridgHt,1713,2004,856,1713,2,2005,0,PConc,VinylSd,1,9591,VinylSd,26,274900
201,4,Edwards,1121,2003,440,1121,2,2004,0,PConc,VinylSd,0,8546,VinylSd,64,140000
202,6,Mitchel,1279,1977,473,1196,2,1977,0,CBlock,Plywood,2,10125,Plywood,83,171500
203,6,OldTown,1310,1924,398,617,2,1950,445,BrkTil,MetalSd,0,7000,MetalSd,0,112000
204,6,CollgCr,848,2004,420,848,1,2004,0,PConc,VinylSd,1,4438,VinylSd,0,149000
205,5,OldTown,1284,1947,240,720,1,1950,564,CBlock,AsbShng,0,3500,AsbShng,35,110000
206,7,Gilbert,1442,1990,500,1424,2,1990,0,PConc,HdBoard,0,11851,HdBoard,34,180500
207,5,Sawyer,1696,1962,349,1140,1,1962,0,CBlock,HdBoard,1,13673,HdBoard,30,143900
208,4,NAmes,1100,1960,312,1100,1,1960,0,PConc,Wd Sdng,1,12493,Wd Sdng,0,141000
210,6,NAmes,1092,1964,504,1092,1,1964,0,CBlock,HdBoard,0,8250,HdBoard,0,145000
211,5,Edwards,864,1925,0,864,1,1950,0,CBlock,Stucco,0,5604,Stucco,0,98000
212,6,Edwards,1212,2009,460,1212,2,2009,0,PConc,VinylSd,0,10420,VinylSd,22,186000
213,7,Somerst,1852,2009,644,900,2,2009,920,PConc,VinylSd,1,8640,VinylSd,108,252678
214,5,CollgCr,990,1995,576,990,1,1995,0,PConc,VinylSd,0,13568,VinylSd,0,156000
215,6,CollgCr,1392,1977,299,689,1,1977,703,CBlock,HdBoard,0,10900,HdBoard,36,161750
216,5,NAmes,1236,1957,447,1070,1,1996,0,CBlock,HdBoard,1,10011,HdBoard,0,134450
217,7,CollgCr,1436,2004,484,1436,2,2004,0,PConc,VinylSd,0,8450,VinylSd,98,210000
218,4,OldTown,1328,1925,210,686,1,1950,518,CBlock,MetalSd,0,9906,MetalSd,172,107000
220,7,Blmngtn,1248,2005,438,1248,2,2006,0,PConc,VinylSd,0,3010,VinylSd,0,167240
221,7,CollgCr,1498,2006,675,1498,2,2006,0,PConc,VinylSd,0,8990,VinylSd,33,204900
222,6,Gilbert,2267,2002,390,1010,2,2002,1257,PConc,VinylSd,1,8068,VinylSd,46,200000
223,6,NWAmes,1552,1975,434,713,2,1975,741,CBlock,VinylSd,1,11475,VinylSd,208,179900
224,4,NAmes,864,1971,576,864,1,1971,0,CBlock,HdBoard,0,10500,HdBoard,0,97000
226,5,BrDale,1302,1971,280,630,2,1971,672,CBlock,HdBoard,0,1680,HdBoard,0,112000
227,7,NoRidge,2520,1995,721,1203,2,1995,1306,PConc,VinylSd,1,9950,VinylSd,114,290000
228,6,BrDale,987,1970,280,483,1,1970,504,CBlock,HdBoard,0,1869,HdBoard,0,106000
229,5,Sawyer,912,1967,336,912,1,1967,0,CBlock,HdBoard,1,8521,HdBoard,0,125000
230,7,Blmngtn,1555,2005,430,1373,2,2006,0,PConc,VinylSd,1,3182,VinylSd,20,192500
231,6,NAmes,1194,1959,312,1194,1,1959,0,CBlock,MetalSd,0,8760,MetalSd,0,148000
233,6,BrDale,987,1972,288,483,1,1972,504,CBlock,HdBoard,1,1680,HdBoard,0,94500
234,5,CollgCr,894,1976,308,894,1,1976,0,CBlock,HdBoard,0,10650,HdBoard,0,128200
236,6,BrDale,987,1971,264,483,1,1971,504,CBlock,HdBoard,0,1680,HdBoard,0,89500
237,7,CollgCr,1414,2004,494,1414,2,2004,0,PConc,VinylSd,0,8773,VinylSd,105,185500
238,7,SawyerW,1744,1993,457,996,2,2003,730,PConc,HdBoard,0,9453,HdBoard,70,194500
240,6,Edwards,1487,1945,220,735,1,1950,689,CBlock,VinylSd,1,8741,VinylSd,140,113000
242,5,OldTown,866,1945,0,686,1,1997,0,CBlock,VinylSd,0,3880,VinylSd,42,110500
243,5,OldTown,1440,1900,352,540,1,1950,551,BrkTil,Wd Sdng,0,5000,Wd Sdng,0,79000
244,6,SawyerW,1217,1980,288,626,1,1980,591,CBlock,Plywood,1,10762,Plywood,28,120000
245,7,SawyerW,2110,1994,463,948,2,2002,888,PConc,VinylSd,2,8880,VinylSd,130,205000
247,6,OldTown,1928,1910,440,1020,2,1950,1020,Stone,AsbShng,0,9142,AsbShng,60,137000
248,6,NAmes,1375,1954,451,1367,1,1954,0,CBlock,BrkFace,1,11310,Wd Sdng,30,140000
249,7,CollgCr,1668,2003,500,840,2,2003,828,PConc,VinylSd,0,11317,VinylSd,68,180000
251,3,BrkSide,1306,1940,0,728,1,1966,0,CBlock,Plywood,0,5350,Wd Sdng,0,76500
252,8,Crawfor,1625,2006,538,1573,2,2007,0,PConc,VinylSd,1,4750,VinylSd,0,235000
253,6,SawyerW,1640,2004,520,798,2,2004,842,PConc,VinylSd,0,8366,VinylSd,45,173000
254,6,NAmes,1302,1964,309,1302,2,1991,0,CBlock,HdBoard,0,9350,HdBoard,0,158000
255,5,NAmes,1314,1957,294,1314,1,1957,0,CBlock,MetalSd,0,8400,MetalSd,0,145000
257,6,Somerst,1728,2003,673,864,2,2003,864,PConc,VinylSd,0,8791,VinylSd,56,207500
258,7,CollgCr,1604,2006,660,1604,2,2006,0,PConc,VinylSd,1,8814,VinylSd,110,220000
259,7,CollgCr,1792,2001,564,963,2,2001,829,PConc,VinylSd,1,12435,VinylSd,96,231500
261,6,NAmes,1382,1962,884,1362,1,1962,0,CBlock,Wd Sdng,1,19296,Wd Sdng,0,176000
262,8,CollgCr,2574,2007,868,1482,2,2007,1092,PConc,CmentBd,1,9588,CemntBd,148,276000
263,6,Sawyer,1212,1977,492,506,1,1995,0,CBlock,Plywood,1,8471,HdBoard,12,151000
264,5,OldTown,1316,1929,484,926,1,2001,0,BrkTil,Wd Sdng,0,5500,Wd Sdng,0,130000
266,6,NWAmes,1422,1981,576,1422,2,1981,0,CBlock,MetalSd,1,12090,MetalSd,0,175500
267,6,Gilbert,1511,1997,413,802,2,1997,709,PConc,VinylSd,1,11207,VinylSd,75,185000
268,5,SWISU,2192,1939,240,720,2,1997,720,PConc,Wd Sdng,1,8400,Wd Sdng,24,179500
269,5,IDOTRR,778,1940,924,740,1,1955,0,CBlock,VinylSd,1,6900,VinylSd,25,120500
270,6,Edwards,1113,1976,504,1143,1,1976,0,CBlock,HdBoard,1,7917,HdBoard,30,148000
271,8,Somerst,1939,2006,1053,1095,2,2006,844,PConc,VinylSd,1,10728,VinylSd,51,266000
273,8,NoRidge,2270,1999,671,1152,2,2007,1106,PConc,VinylSd,1,11764,VinylSd,57,290000
274,6,NAmes,1632,1958,338,1240,2,1988,0,CBlock,Wd Sdng,1,9600,Wd Sdng,0,139000
275,5,Mitchel,816,1982,264,816,1,1982,0,CBlock,ImStucc,0,8314,HdBoard,0,124500
277,7,Mitchel,1560,2003,573,1560,2,2003,0,PConc,VinylSd,0,9196,VinylSd,150,201000
280,7,ClearCr,2022,1977,505,1160,2,1977,866,CBlock,Plywood,1,10005,Plywood,117,192000
281,7,SawyerW,1982,1989,575,807,2,1989,807,CBlock,Plywood,1,11287,Plywood,84,228500
282,6,Somerst,1262,2006,572,1262,2,2006,0,PConc,VinylSd,0,7200,VinylSd,120,185000
283,7,NridgHt,1314,2007,626,1314,2,2008,0,PConc,VinylSd,1,5063,VinylSd,62,207500
284,8,Somerst,1468,2008,898,1468,2,2009,0,PConc,VinylSd,1,9612,VinylSd,150,244600
285,6,SawyerW,1575,1992,529,1575,2,1992,0,PConc,ImStucc,0,8012,Plywood,0,179200
286,7,Somerst,1250,2006,528,625,2,2007,625,PConc,MetalSd,0,4251,MetalSd,54,164700
287,6,NAmes,1734,1962,440,912,1,1981,649,CBlock,Wd Sdng,1,9786,Wd Sdng,0,159000
288,4,NAmes,858,1971,0,858,1,1971,0,CBlock,HdBoard,0,8125,HdBoard,0,88000
289,5,Sawyer,900,1967,280,882,1,1967,0,CBlock,MetalSd,0,9819,MetalSd,0,122000
290,6,BrkSide,1396,1915,384,698,1,2003,698,BrkTil,Wd Sdng,0,8730,Wd Sdng,0,153575
291,8,CollgCr,1919,2006,685,1079,2,2006,840,PConc,VinylSd,1,15611,VinylSd,51,233230
292,5,SWISU,1716,1912,0,780,2,2000,780,PConc,VinylSd,0,5687,VinylSd,184,135900
293,5,Edwards,1716,1949,281,768,1,2008,568,CBlock,Wd Sdng,1,11409,Wd Sdng,0,131000
295,6,NAmes,1644,1953,418,1416,1,1953,0,CBlock,HdBoard,2,9600,HdBoard,0,167000
296,6,Mitchel,1003,1984,588,1003,1,1984,0,CBlock,HdBoard,0,7937,HdBoard,0,142500
297,5,IDOTRR,1558,1950,282,910,1,1950,648,CBlock,Wd Sdng,0,13710,Wd Sdng,0,152000
298,7,Somerst,1950,1997,576,975,2,1998,975,PConc,VinylSd,1,7399,VinylSd,10,239000
299,6,NWAmes,1743,1968,539,702,1,1968,702,CBlock,AsphShn,1,11700,HdBoard,0,175000
300,6,Crawfor,1152,1950,300,1092,1,2004,0,CBlock,HdBoard,1,14000,HdBoard,36,158500
301,5,Crawfor,1336,1953,375,1165,1,1953,0,CBlock,MetalSd,2,15750,MetalSd,0,157000
302,8,CollgCr,2452,1998,683,1028,2,1999,1242,PConc,VinylSd,1,16226,VinylSd,50,267000
303,7,CollgCr,1541,2001,843,1541,2,2002,0,PConc,VinylSd,1,13704,VinylSd,81,205000
304,5,CollgCr,894,1972,552,894,1,1972,0,PConc,VinylSd,0,9800,VinylSd,0,149900
307,7,SawyerW,2243,1990,746,700,2,1991,1121,CBlock,Plywood,1,13474,HdBoard,44,225000
308,6,IDOTRR,1406,1920,0,319,1,1950,371,CBlock,MetalSd,0,7920,MetalSd,144,89500
309,4,Edwards,861,1940,539,861,1,1950,0,CBlock,VinylSd,0,12342,VinylSd,0,82500
311,6,Gilbert,1501,1993,420,697,2,1994,804,PConc,HdBoard,1,7685,HdBoard,63,165600
312,6,NAmes,972,1948,240,972,1,2002,0,CBlock,VinylSd,1,8000,VinylSd,0,132000
313,5,OldTown,1118,1939,410,793,1,1950,325,CBlock,MetalSd,1,7800,MetalSd,0,119900
315,7,OldTown,1641,1925,546,728,1,1990,809,BrkTil,Wd Sdng,1,9600,Wd Sdng,0,178000
316,7,Gilbert,1432,2004,432,716,2,2005,716,PConc,VinylSd,1,7795,VinylSd,51,188500
318,8,Somerst,1959,2006,1025,1088,2,2006,871,PConc,VinylSd,1,9000,VinylSd,46,270000
320,7,NWAmes,1472,1980,588,1372,2,1980,0,CBlock,Plywood,2,14115,Plywood,48,187500
324,3,OldTown,1163,1955,220,1162,1,2005,0,CBlock,VinylSd,0,5820,VinylSd,98,126175
326,5,IDOTRR,803,1941,360,720,1,1950,0,CBlock,MetalSd,0,5000,MetalSd,0,87000
328,6,NAmes,1383,1960,292,1383,1,1960,0,CBlock,Wd Sdng,0,11600,Wd Sdng,45,145250
330,5,IDOTRR,1192,1920,189,596,1,1950,596,PConc,Wd Shng,0,6402,Wd Sdng,0,78000
332,5,NAmes,1056,1958,308,1056,1,1992,0,CBlock,Wd Sdng,0,8176,Wd Sdng,0,139000
334,7,NridgHt,1358,2004,484,1358,2,2004,0,PConc,VinylSd,1,8198,VinylSd,30,207000
335,6,Gilbert,1638,1998,472,943,2,1998,695,PConc,VinylSd,2,9042,VinylSd,38,192000
338,7,CollgCr,1536,2002,532,1536,2,2003,0,PConc,VinylSd,0,9135,VinylSd,74,214000
339,7,NWAmes,1621,1984,440,1208,2,1998,0,CBlock,Wd Sdng,0,14145,Wd Sdng,45,202500
340,6,NAmes,1215,1958,297,1215,1,1998,0,CBlock,Wd Sdng,0,12400,Wd Sdng,0,155000
341,8,Timber,1908,2002,431,967,2,2002,915,PConc,VinylSd,0,14191,VinylSd,0,202900
345,5,MeadowV,1112,1976,336,536,1,1976,576,CBlock,CmentBd,0,2592,CemntBd,0,85000
346,6,BrkSide,1577,1939,312,972,1,1950,605,BrkTil,MetalSd,1,6435,MetalSd,0,140200
347,6,NAmes,958,1960,301,958,1,1998,0,CBlock,MetalSd,0,12772,MetalSd,0,151500
348,6,NAmes,1478,1960,498,1478,2,1960,0,CBlock,Wd Sdng,2,17600,Wd Sdng,40,157500
349,7,NridgHt,1626,2003,474,764,2,2004,862,PConc,Wd Shng,0,2448,VinylSd,27,154000
352,7,ClearCr,1453,1986,445,1453,1,1986,0,PConc,Wd Sdng,1,5271,Wd Sdng,80,190000
353,5,Edwards,1111,1941,200,616,1,1950,495,CBlock,VinylSd,0,9084,VinylSd,0,95000
354,6,OldTown,720,1928,484,624,1,2003,0,BrkTil,VinylSd,0,8520,VinylSd,0,105900
355,6,SWISU,1595,1940,240,940,1,2000,403,CBlock,MetalSd,2,8400,Wd Sdng,0,140000
356,6,CollgCr,1200,1995,521,1200,2,1995,0,PConc,VinylSd,0,11249,VinylSd,26,177500
357,6,Gilbert,1167,1992,400,1158,2,1992,0,PConc,HdBoard,0,9248,HdBoard,26,173000
358,5,MeadowV,1142,1976,528,1142,1,1976,0,PConc,CmentBd,1,4224,CemntBd,90,134000
359,5,ClearCr,1352,1958,288,1062,1,1958,0,CBlock,ImStucc,0,6930,Wd Sdng,0,130000
360,8,NoRidge,1924,1998,592,1086,2,1998,838,PConc,VinylSd,1,12011,VinylSd,75,280000
361,6,Mitchel,912,1978,470,888,1,1978,0,CBlock,VinylSd,1,7540,VinylSd,0,156000
362,5,BrkSide,1505,1940,240,883,1,1982,517,CBlock,MetalSd,0,9144,MetalSd,0,145000
364,6,BrDale,987,1972,264,483,1,2007,504,CBlock,HdBoard,0,1680,HdBoard,0,118000
365,6,NWAmes,1574,1976,566,796,2,1976,784,PConc,HdBoard,1,18800,HdBoard,111,190000
366,5,IDOTRR,1344,1920,468,672,1,1997,672,CBlock,VinylSd,0,10690,VinylSd,128,147000
368,6,NAmes,1431,1962,296,1099,1,1962,0,CBlock,Plywood,1,9150,Plywood,110,165000
369,5,NAmes,1268,1954,244,1268,1,1954,0,PConc,HdBoard,1,7800,HdBoard,98,132000
370,5,NAmes,1287,1959,576,1063,1,2006,0,CBlock,Wd Sdng,1,9830,Wd Sdng,17,162000
371,6,Gilbert,1664,2000,460,953,2,2000,711,PConc,VinylSd,1,8121,VinylSd,40,172400
373,6,SawyerW,752,1984,264,744,1,1984,0,CBlock,Plywood,0,7175,Plywood,0,125000
374,5,NAmes,1319,1953,270,608,1,1953,0,PConc,MetalSd,0,10634,MetalSd,0,123000
375,7,CollgCr,1928,2003,434,847,2,2004,1081,PConc,VinylSd,1,8200,VinylSd,48,219500
377,5,CollgCr,914,1996,576,870,1,1996,0,PConc,VinylSd,0,8846,VinylSd,0,148000
378,8,Somerst,2466,2004,610,1580,3,2005,886,PConc,CmentBd,1,11143,CemntBd,214,340000
380,6,Gilbert,1800,2000,463,982,2,2000,793,PConc,VinylSd,1,8123,VinylSd,63,179000
382,7,Somerst,1301,2006,572,1293,2,2006,0,PConc,VinylSd,1,7200,VinylSd,121,187750
383,7,CollgCr,1797,2006,639,939,2,2006,858,PConc,VinylSd,0,9245,VinylSd,53,213500
386,8,Blmngtn,1269,2004,430,1256,2,2005,0,PConc,VinylSd,1,3182,VinylSd,20,192000
387,5,Edwards,1184,1910,0,658,1,1996,526,PConc,VinylSd,0,8410,Wd Sdng,151,81000
388,6,Edwards,1125,1976,352,1041,1,1976,0,CBlock,MetalSd,1,7200,MetalSd,0,125000
389,7,CollgCr,1479,1999,577,1468,2,2000,0,PConc,VinylSd,0,9382,VinylSd,25,191000
391,5,Edwards,1367,1900,384,861,1,1950,406,BrkTil,MetalSd,0,8405,MetalSd,130,119000
392,6,Mitchel,1961,2001,560,804,2,2002,1157,PConc,VinylSd,1,12209,VinylSd,192,215000
394,4,BrkSide,788,1941,0,788,1,1950,0,CBlock,Wd Shng,2,7446,WdShing,0,100000
395,5,OldTown,1034,1940,240,735,1,1950,299,CBlock,MetalSd,0,10134,MetalSd,39,109000
396,5,Edwards,1144,1956,596,1144,1,1956,0,CBlock,Wd Sdng,0,9571,Wd Sdng,0,129000
397,5,CollgCr,894,1972,600,894,1,1972,0,CBlock,MetalSd,0,7200,MetalSd,0,123000
398,5,NAmes,1812,1962,264,864,2,1962,936,CBlock,VinylSd,1,7590,VinylSd,168,169500
402,7,CollgCr,1310,2005,400,1310,2,2005,0,PConc,VinylSd,1,8767,VinylSd,0,164990
403,5,Sawyer,672,1940,240,672,1,1997,0,PConc,Wd Sdng,0,10200,Wd Sdng,0,108000
404,8,NoRidge,2263,1998,420,1141,2,1998,1098,PConc,VinylSd,1,12090,VinylSd,123,258000
405,6,Gilbert,1572,1995,373,806,2,1996,766,PConc,MetalSd,1,10364,MetalSd,40,168000
406,4,Sawyer,1620,1976,490,1281,2,1993,0,CBlock,Plywood,1,9991,Plywood,78,150000
407,6,SWISU,1639,1936,240,1064,1,1950,0,BrkTil,MetalSd,0,10480,MetalSd,0,115000
408,6,Crawfor,1680,1915,308,840,2,1976,840,BrkTil,Plywood,0,15576,Wd Sdng,0,177000
409,7,NridgHt,2172,2006,947,1063,2,2006,1101,PConc,VinylSd,1,14154,VinylSd,62,280000
410,8,Somerst,2078,2007,836,1034,2,2008,1028,PConc,VinylSd,1,10800,VinylSd,102,339750
412,5,Gilbert,1056,1955,572,1056,1,1955,0,CBlock,Wd Sdng,0,34650,Wd Sdng,0,145000
413,7,Somerst,1478,2009,484,1470,2,2009,0,PConc,MetalSd,1,4403,MetalSd,144,222000
414,5,OldTown,1028,1927,360,1008,1,1950,0,CBlock,Wd Shng,1,8960,WdShing,0,115000
415,7,SawyerW,2097,1993,678,1080,2,1993,1017,PConc,VinylSd,1,11228,VinylSd,187,228000
416,7,Gilbert,1340,2007,396,1340,2,2007,0,PConc,VinylSd,0,8899,VinylSd,30,181134
417,6,Sawyer,1400,1978,440,672,1,1978,728,CBlock,HdBoard,1,7844,HdBoard,0,149500
419,5,Edwards,1134,1940,240,756,1,1950,378,BrkTil,MetalSd,0,8160,MetalSd,0,126000
420,5,NAmes,1056,1968,304,1056,1,1968,0,CBlock,VinylSd,1,8450,VinylSd,85,142000
421,7,Mitchel,1344,1997,784,1344,2,1998,0,PConc,VinylSd,0,7060,VinylSd,0,206300
422,6,NWAmes,1602,1977,529,1602,2,2000,0,CBlock,CmentBd,1,16635,CemntBd,0,215000
423,5,Mitchel,988,1954,520,988,1,1954,0,CBlock,HdBoard,0,21750,HdBoard,0,113000
425,6,NAmes,1196,1956,297,1196,1,1956,0,CBlock,Wd Sdng,1,9000,Wd Sdng,44,139000
426,7,OldTown,1389,1946,240,651,1,1992,682,CBlock,HdBoard,2,3378,HdBoard,0,135000
428,4,NAmes,907,1957,352,907,1,1957,0,CBlock,MetalSd,0,8593,MetalSd,0,109008
429,7,CollgCr,1208,2007,628,1208,2,2007,0,PConc,VinylSd,0,6762,VinylSd,54,195400
430,6,Timber,1412,1988,576,1392,2,1988,0,CBlock,HdBoard,1,11457,HdBoard,0,175000
431,6,BrDale,987,1971,264,483,1,1971,504,CBlock,HdBoard,0,1680,HdBoard,0,85400
432,6,OldTown,1198,1920,0,901,1,1998,110,BrkTil,MetalSd,0,5586,MetalSd,98,79900
433,5,BrDale,1365,1971,440,765,1,1971,600,CBlock,HdBoard,0,1920,HdBoard,36,122500
434,6,Gilbert,1604,1997,470,926,2,1998,678,PConc,VinylSd,1,10839,VinylSd,36,181000
435,4,MeadowV,630,1972,0,630,1,1972,0,CBlock,CmentBd,0,1890,CemntBd,0,81000
436,7,CollgCr,1661,1996,550,799,2,1996,834,PConc,VinylSd,1,10667,VinylSd,61,212000
437,6,OldTown,1118,1920,440,648,1,1950,384,BrkTil,Stucco,0,4400,Stucco,0,116000
438,6,BrkSide,904,1926,180,884,1,2004,0,PConc,Wd Sdng,0,6000,Wd Sdng,0,119000
440,6,Edwards,1196,1920,528,684,1,2000,512,BrkTil,Wd Sdng,0,12354,Wd Sdng,46,110000
442,4,Edwards,1440,1955,0,1440,2,1955,0,CBlock,VinylSd,0,12108,VinylSd,0,118000
443,5,BrkSide,1573,1930,360,1078,2,1992,445,PConc,MetalSd,1,6240,MetalSd,0,162900
444,7,Blmngtn,1258,2006,648,1258,2,2007,0,PConc,Wd Shng,1,3922,WdShing,16,172500
445,7,CollgCr,1908,1994,493,915,2,1995,975,PConc,VinylSd,1,8750,VinylSd,133,210000
446,6,Edwards,1689,1956,480,1436,1,1956,0,CBlock,Wd Sdng,1,9855,Wd Sdng,0,127500
447,6,NAmes,1888,1966,578,1517,2,2002,0,CBlock,Plywood,1,16492,BrkFace,0,190000
448,7,Gilbert,1886,1998,431,930,2,1999,930,PConc,VinylSd,1,11214,VinylSd,0,199900
449,6,IDOTRR,1376,1937,198,780,2,1950,596,BrkTil,MetalSd,1,8600,MetalSd,0,119500
450,3,OldTown,1183,1948,308,649,1,2002,504,CBlock,MetalSd,0,6000,MetalSd,176,120000
451,6,OldTown,813,1930,270,813,1,2005,0,BrkTil,Wd Sdng,0,5684,Wd Sdng,113,110000
453,6,Timber,1756,1996,422,872,2,1997,868,PConc,VinylSd,0,9303,VinylSd,122,204000
454,8,Somerst,1590,2008,676,768,2,2008,804,PConc,VinylSd,0,9000,VinylSd,30,210000
455,5,Mitchel,1728,1976,560,1728,2,1976,0,CBlock,Plywood,0,9297,Plywood,0,188000
456,7,NWAmes,1242,1973,528,1242,1,1973,0,CBlock,HdBoard,1,9600,HdBoard,0,175500
457,5,OldTown,1344,1916,513,624,1,1950,720,BrkTil,AsbShng,0,4571,AsbShng,0,98000
459,8,OldTown,1666,1925,228,588,1,1996,833,PConc,Wd Shng,1,5100,Stucco,63,161000
460,5,BrkSide,1203,1950,352,709,1,1950,224,CBlock,MetalSd,1,7015,MetalSd,0,110000
462,7,SWISU,1135,1936,576,560,1,2007,560,PConc,Wd Sdng,0,7200,Wd Sdng,0,155000
464,6,Crawfor,1660,1934,240,715,1,1995,811,CBlock,Stucco,1,11988,Stucco,0,188700
465,5,CollgCr,1040,1978,0,1040,2,1978,0,CBlock,HdBoard,0,8430,HdBoard,0,124000
466,7,Blmngtn,1414,2004,398,1375,2,2004,0,PConc,VinylSd,1,3072,VinylSd,20,178740
467,7,NAmes,1277,1970,526,1277,1,1970,0,CBlock,Plywood,1,10628,Plywood,0,167000
468,5,NAmes,1644,1942,312,728,1,1995,756,CBlock,MetalSd,2,9480,MetalSd,0,146500
469,8,NridgHt,1634,2006,866,1626,2,2006,0,PConc,VinylSd,1,11428,VinylSd,44,250000
470,6,SawyerW,1710,1993,506,832,2,1993,878,PConc,HdBoard,0,9291,HdBoard,70,187000
472,7,NWAmes,1969,1977,534,808,2,1977,808,CBlock,Plywood,1,11952,WdShing,0,190000
473,6,Edwards,1072,2005,525,547,1,2005,0,PConc,VinylSd,0,3675,VinylSd,28,148000
476,5,Sawyer,970,1963,624,970,1,1963,0,CBlock,HdBoard,0,8480,HdBoard,24,132500
477,6,CollgCr,1493,1997,508,1478,2,1998,0,PConc,VinylSd,1,13125,VinylSd,39,208900
479,8,CollgCr,1718,2007,826,1705,2,2008,0,PConc,VinylSd,1,10637,VinylSd,44,297000
480,4,OldTown,1131,1937,672,907,1,2000,0,BrkTil,Stucco,0,5925,Stucco,72,89471
481,9,NridgHt,1850,2004,772,1833,2,2005,0,PConc,VinylSd,1,16033,VinylSd,112,326000
483,7,OldTown,1826,1915,164,910,1,2005,910,PConc,Stucco,1,2500,Stucco,0,155000
484,6,Mitchel,1216,1998,402,1216,2,1998,0,PConc,VinylSd,0,4500,VinylSd,125,164000
485,5,Sawyer,999,1962,264,999,1,2001,0,CBlock,Plywood,0,7758,HdBoard,132,132500
486,5,NAmes,1113,1950,264,1113,1,2007,0,CBlock,MetalSd,1,9600,MetalSd,80,147000
487,5,NAmes,1073,1965,515,1073,1,1965,0,CBlock,MetalSd,0,10289,MetalSd,0,156000
488,5,NWAmes,1484,1971,487,1484,2,1971,0,CBlock,Plywood,1,12243,Plywood,0,175000
489,5,OldTown,2414,1900,520,954,2,1970,648,CBlock,Wd Sdng,1,10800,Wd Sdng,0,160000
490,4,MeadowV,630,1970,286,630,1,2002,0,CBlock,CmentBd,0,1526,CemntBd,0,86000
491,5,MeadowV,1304,1976,336,264,1,1976,688,PConc,CmentBd,1,2665,CemntBd,24,115000
492,6,NAmes,1578,1941,240,806,1,1950,620,CBlock,Wd Sdng,2,9490,Wd Sdng,0,133000
493,6,Gilbert,1456,2006,429,728,2,2006,728,PConc,VinylSd,0,15578,VinylSd,0,172785
494,5,NAmes,1269,1960,308,1269,1,1960,0,CBlock,Wd Sdng,1,7931,BrkFace,0,155000
495,5,OldTown,886,1938,273,190,1,1996,0,BrkTil,MetalSd,0,5784,MetalSd,20,91300
498,7,BrkSide,1820,1925,240,1026,2,1950,687,PConc,Wd Sdng,0,9120,Wd Sdng,100,184000
499,5,Sawyer,899,1967,288,864,1,2004,0,PConc,HdBoard,0,7800,HdBoard,0,130000
500,5,NAmes,912,1958,297,912,1,1985,0,CBlock,MetalSd,0,7535,MetalSd,285,120000
501,6,BrDale,1218,1973,264,672,1,1973,546,CBlock,HdBoard,0,1890,HdBoard,28,113000
502,7,Somerst,1768,2005,603,866,2,2005,902,PConc,VinylSd,0,9803,VinylSd,108,226700
503,5,Edwards,1214,1965,461,1214,1,1965,0,CBlock,MetalSd,0,9170,MetalSd,0,140000
505,6,NPkVill,1322,1974,440,855,2,1974,467,CBlock,Brk Cmn,1,2308,Plywood,0,147000
506,5,OldTown,1960,1952,400,960,2,1952,1000,CBlock,Wd Sdng,0,7596,Wd Sdng,0,124500
507,8,SawyerW,1911,1993,471,777,2,1994,846,PConc,VinylSd,1,9554,VinylSd,81,215000
508,6,Somerst,1218,2009,676,1218,2,2009,0,PConc,VinylSd,0,7862,VinylSd,102,208300
509,7,OldTown,1378,1928,360,689,2,2005,689,BrkTil,MetalSd,1,9600,MetalSd,0,161000
510,5,NAmes,1041,1959,270,1041,1,1959,0,CBlock,MetalSd,0,9600,MetalSd,88,124500
512,7,NridgHt,1368,2005,474,1368,2,2006,0,PConc,VinylSd,1,6792,VinylSd,35,202665
513,5,NAmes,864,1958,624,864,1,1958,0,CBlock,VinylSd,0,9100,VinylSd,0,129900
514,6,Mitchel,1080,1983,484,1084,1,1983,0,PConc,VinylSd,0,9187,VinylSd,0,134000
515,5,Crawfor,789,1926,200,768,1,1950,0,BrkTil,Wd Sdng,0,10594,Wd Sdng,0,96500
517,6,NWAmes,2119,1972,583,689,2,1972,741,CBlock,HdBoard,1,10448,HdBoard,104,158000
518,7,NoRidge,2344,1996,889,1264,2,1997,1067,PConc,VinylSd,1,10208,VinylSd,0,265000
519,6,CollgCr,1796,1998,546,794,2,1998,914,PConc,VinylSd,0,9531,VinylSd,36,211000
522,6,NAmes,1244,1957,336,1244,1,1957,0,CBlock,VinylSd,2,11988,VinylSd,40,150000
526,7,Somerst,1266,2005,453,1257,2,2005,0,PConc,VinylSd,1,7500,VinylSd,144,176000
527,5,NAmes,928,1956,252,928,1,2000,0,CBlock,Wd Sdng,0,13300,Wd Sdng,0,132000
529,4,Edwards,605,1920,0,528,1,2002,0,BrkTil,Wd Sdng,0,9098,Wd Sdng,0,86000
531,6,Timber,1509,1988,600,1461,2,1989,0,CBlock,HdBoard,1,10200,HdBoard,0,175000
532,6,BrkSide,1362,1920,502,611,2,1999,611,BrkTil,Wd Sdng,0,6155,Wd Sdng,0,128000
535,8,Gilbert,1414,2004,403,707,2,2004,707,PConc,VinylSd,1,9056,VinylSd,35,178000
536,5,Edwards,1347,1910,0,1117,1,1991,527,CBlock,MetalSd,0,7000,MetalSd,0,107500
537,7,CollgCr,1724,1998,527,880,2,1999,844,PConc,VinylSd,0,8924,VinylSd,155,188000
538,4,NAmes,864,1972,576,864,1,1972,0,CBlock,MetalSd,0,12735,MetalSd,0,111250
539,5,Sawyer,1159,1968,336,1051,1,1968,0,CBlock,Plywood,1,11553,Plywood,0,158000
540,8,CollgCr,1601,2001,670,1581,2,2002,0,PConc,VinylSd,1,11423,VinylSd,0,272000
541,9,Timber,1838,2006,765,1838,2,2006,0,PConc,VinylSd,1,14601,VinylSd,68,315000
542,8,NoRidge,2285,2000,648,969,2,2000,1288,PConc,VinylSd,1,11000,VinylSd,56,248000
543,7,NWAmes,1680,1998,583,1650,2,1999,0,PConc,VinylSd,1,10140,VinylSd,73,213250
544,7,NAmes,767,1998,367,723,1,1998,0,PConc,MetalSd,0,4058,MetalSd,40,133000
545,7,Gilbert,1496,2006,426,654,2,2006,832,PConc,VinylSd,1,17104,VinylSd,24,179665
546,7,NWAmes,2183,1988,786,1204,2,1988,806,PConc,HdBoard,0,13837,HdBoard,0,229000
548,5,Mitchel,768,1970,624,768,1,1970,0,CBlock,VinylSd,0,7244,VinylSd,0,129500
549,5,OldTown,825,1955,720,825,1,1995,0,CBlock,MetalSd,0,8235,MetalSd,50,125000
550,7,Somerst,2094,2003,615,912,2,2004,1182,PConc,VinylSd,1,9375,VinylSd,182,263000
551,6,NPkVill,1069,1977,440,1069,2,1977,0,CBlock,Plywood,0,4043,Plywood,55,140000
552,5,OldTown,928,1957,288,928,1,1957,0,CBlock,BrkFace,0,6000,BrkFace,0,112500
553,8,NridgHt,1717,2006,908,1709,2,2006,0,PConc,VinylSd,1,11146,VinylSd,39,255500
555,7,NridgHt,2046,2003,871,998,2,2004,1040,PConc,VinylSd,1,10625,VinylSd,62,284000
556,5,BrkSide,1048,1922,280,993,1,1950,0,BrkTil,MetalSd,1,6380,MetalSd,0,113000
557,5,NAmes,1092,1957,299,1092,1,1957,0,CBlock,Wd Sdng,1,14850,Wd Sdng,0,141000
558,4,IDOTRR,1336,1920,570,637,1,1950,439,CBlock,MetalSd,0,11040,MetalSd,47,108000
559,7,Gilbert,1446,1996,406,729,2,1997,717,PConc,HdBoard,1,21872,HdBoard,22,175000
560,7,Blmngtn,1557,2003,420,1374,2,2004,0,PConc,VinylSd,1,3196,VinylSd,20,234000
561,5,Sawyer,1392,1957,528,1392,1,1996,0,CBlock,Wd Sdng,1,11341,Wd Sdng,0,121500
562,5,Mitchel,1389,1974,418,1389,1,1975,0,CBlock,HdBoard,1,10010,HdBoard,38,170000
563,5,Edwards,996,1940,0,996,1,1969,0,CBlock,Wd Shng,1,13907,WdShing,0,108000
564,6,Edwards,1674,1918,396,1163,2,1950,511,BrkTil,Wd Sdng,1,21780,Wd Sdng,36,185000
566,6,SWISU,1647,1915,216,806,1,1950,806,PConc,Wd Sdng,0,6858,Wd Sdng,66,128000
567,9,StoneBr,2504,2005,656,1122,2,2007,1370,PConc,VinylSd,1,11198,VinylSd,39,325000
568,7,NridgHt,1535,2004,532,1517,2,2004,0,PConc,VinylSd,0,10171,VinylSd,0,214000
570,5,NAmes,943,1979,600,943,1,1979,0,CBlock,MetalSd,2,7032,MetalSd,0,135960
571,5,NAmes,1728,1965,576,1728,2,1965,0,CBlock,HdBoard,0,13101,HdBoard,0,142600
572,6,NAmes,864,1959,288,864,1,1959,0,CBlock,Wd Shng,0,7332,WdShing,0,120000
573,7,Timber,1692,2009,650,846,2,2009,846,PConc,VinylSd,0,13159,VinylSd,114,224500
574,7,Gilbert,1430,2000,400,384,2,2000,656,PConc,VinylSd,1,9967,VinylSd,0,170000
575,5,NAmes,1109,1971,288,372,1,2005,533,CBlock,AsphShn,0,10500,MetalSd,0,139000
576,5,NAmes,1216,1947,336,832,1,1950,384,CBlock,MetalSd,0,8480,MetalSd,0,118500
577,7,SWISU,1477,1928,216,861,2,1950,600,BrkTil,Wd Sdng,1,6292,Wd Sdng,50,145000
578,5,Sawyer,1320,1966,564,1164,1,1966,0,CBlock,VinylSd,2,11777,VinylSd,68,164500
579,7,Somerst,1392,2007,540,689,2,2007,689,PConc,VinylSd,0,3604,VinylSd,102,146000
580,5,OldTown,1795,1954,352,1050,2,1954,745,BrkTil,MetalSd,0,12150,MetalSd,0,131500
581,6,NAmes,1429,1960,572,1144,1,1987,0,CBlock,Wd Sdng,2,14585,Wd Sdng,110,181900
583,6,Edwards,816,1990,0,816,1,1990,0,CBlock,HdBoard,0,11841,HdBoard,32,118500
585,4,BrkSide,1573,1935,240,884,1,1995,584,BrkTil,AsbShng,0,6120,AsbShng,0,133000
587,6,BrkSide,838,1918,275,816,1,2000,0,BrkTil,Wd Shng,0,10267,Stucco,0,130000
588,5,Sawyer,860,1982,528,840,1,1982,0,CBlock,HdBoard,0,8740,HdBoard,0,137000
589,5,ClearCr,1473,1968,452,1437,1,2003,0,CBlock,Wd Sdng,2,25095,Wd Sdng,48,143000
591,7,CollgCr,1582,2004,520,770,2,2004,812,PConc,VinylSd,0,8320,VinylSd,45,185900
593,5,Mitchel,816,1982,816,816,1,2003,0,PConc,HdBoard,0,6600,HdBoard,0,138000
594,6,CollgCr,848,2003,420,848,1,2003,0,PConc,VinylSd,0,4435,VinylSd,0,140000
595,5,CollgCr,924,1975,280,924,1,1975,0,CBlock,HdBoard,0,7990,HdBoard,0,110000
597,6,OldTown,1368,1910,216,684,1,1993,684,CBlock,VinylSd,0,3600,VinylSd,158,114504
598,7,Blmngtn,1402,2006,648,1258,0,2007,0,PConc,VinylSd,1,3922,VinylSd,16,194201
600,6,Blueste,1556,1980,452,716,2,1980,840,CBlock,MetalSd,1,1950,MetalSd,0,151000
601,8,NridgHt,1904,2005,736,1058,2,2005,846,PConc,VinylSd,1,10927,VinylSd,60,275000
602,6,IDOTRR,1375,1937,544,780,1,1950,595,PConc,Wd Sdng,1,9000,Wd Sdng,162,141000
603,8,SawyerW,1915,1992,506,908,2,1992,988,PConc,HdBoard,1,10041,HdBoard,150,220000
604,7,Somerst,1200,2004,480,600,2,2005,600,PConc,MetalSd,0,3182,MetalSd,172,151000
605,7,CollgCr,1494,2002,530,1494,2,2002,0,PConc,VinylSd,1,12803,VinylSd,36,221000
607,5,CollgCr,1040,1996,576,1040,1,1996,0,PConc,VinylSd,0,12464,VinylSd,0,152000
610,4,Sawyer,1029,1961,261,1029,1,1961,0,CBlock,VinylSd,0,7943,VinylSd,0,118500
611,9,CollgCr,2153,2000,736,1440,2,2000,677,PConc,VinylSd,2,11050,VinylSd,142,313000
612,6,NWAmes,1032,1978,564,1032,2,1978,0,CBlock,HdBoard,1,10395,HdBoard,0,148000
613,8,CollgCr,1872,2001,531,1299,2,2001,573,PConc,VinylSd,1,11885,VinylSd,122,261500
614,5,Mitchel,1120,2007,0,1120,1,2007,0,PConc,VinylSd,0,8402,VinylSd,30,147000
616,6,NAmes,1054,1963,480,936,1,1963,0,PConc,MetalSd,0,8800,MetalSd,0,137500
617,6,Gilbert,1509,2002,393,783,2,2003,702,PConc,VinylSd,1,7861,VinylSd,75,183200
618,6,NAmes,832,1954,528,832,1,1954,0,CBlock,MetalSd,0,7227,MetalSd,0,105500
619,9,NridgHt,1828,2007,774,1822,2,2007,0,PConc,CmentBd,1,11694,CemntBd,108,314813
620,8,Timber,2262,2003,749,1482,2,2003,780,PConc,VinylSd,2,12244,VinylSd,0,305000
621,3,Edwards,864,1914,0,864,1,1950,0,BrkTil,Stucco,0,8248,Stucco,0,67000
623,5,Sawyer,980,1977,484,980,1,1977,0,CBlock,Plywood,0,7064,Plywood,0,135000
624,6,Somerst,1512,2000,440,756,2,2000,756,PConc,MetalSd,1,2117,MetalSd,32,168500
625,6,NWAmes,1790,1972,484,732,1,1972,778,CBlock,VinylSd,1,10400,VinylSd,0,165150
626,6,NAmes,1116,1962,440,1116,1,1962,0,CBlock,Wd Sdng,0,10000,Wd Sdng,0,160000
627,5,NAmes,1422,1960,286,978,1,1978,0,CBlock,Wd Sdng,1,12342,Wd Sdng,0,139900
628,6,NAmes,1520,1955,364,1156,1,1972,0,CBlock,AsbShng,2,9600,AsbShng,0,153000
629,5,NAmes,2080,1969,504,1040,1,1969,1040,PConc,Plywood,2,11606,Plywood,0,135000
630,6,NAmes,1350,1964,520,1248,1,1964,0,CBlock,Wd Sdng,0,9020,Plywood,0,168500
631,5,OldTown,1750,1880,240,636,1,1991,661,BrkTil,VinylSd,0,9000,VinylSd,0,124000
632,8,NridgHt,1554,2006,627,1554,2,2006,0,PConc,VinylSd,1,4590,VinylSd,73,209500
634,5,NAmes,1056,1954,260,1056,1,2005,0,CBlock,Wd Sdng,0,9250,Wd Sdng,0,139400
635,6,OldTown,1056,1980,576,1056,0,1980,0,CBlock,Plywood,0,6979,Plywood,56,144000
636,6,SWISU,3395,1914,0,1440,2,1995,1440,CBlock,VinylSd,0,10896,VinylSd,110,200000
637,2,BrkSide,800,1936,0,264,1,1950,0,BrkTil,AsbShng,1,6120,AsbShng,0,60000
638,5,OldTown,1387,1954,256,811,2,1954,576,CBlock,Wd Sdng,0,6000,Wd Sdng,0,93000
639,5,Edwards,796,1910,0,796,1,1950,0,CBlock,Wd Sdng,0,8777,MetalSd,0,85000
640,8,Blmngtn,1567,2006,648,1520,2,2006,0,PConc,VinylSd,1,3982,VinylSd,0,264561
642,7,Somerst,1929,2001,650,1057,2,2001,872,PConc,VinylSd,1,7050,VinylSd,235,226000
644,5,NWAmes,1620,1969,462,780,2,1969,840,CBlock,HdBoard,0,10793,WdShing,0,152000
646,6,NAmes,981,1971,576,981,1,1971,0,CBlock,Plywood,0,10530,Plywood,312,143250
648,6,Edwards,1094,1953,495,1094,1,1953,0,CBlock,Wd Sdng,2,10452,Wd Sdng,0,155000
649,6,NAmes,1839,1966,442,756,1,1966,788,CBlock,MetalSd,1,7700,MetalSd,124,155000
650,4,MeadowV,630,1970,0,630,1,1970,0,CBlock,CmentBd,0,1936,CemntBd,0,84500
652,4,Edwards,1510,1940,296,755,1,1950,755,CBlock,MetalSd,1,9084,MetalSd,0,108000
653,7,CollgCr,1716,1996,512,880,2,1996,807,PConc,VinylSd,1,8750,VinylSd,120,191000
656,6,BrDale,1092,1971,264,525,1,1971,567,CBlock,ImStucc,0,1680,HdBoard,0,88000
657,5,NAmes,1053,1959,312,1053,1,2006,0,CBlock,HdBoard,0,10007,HdBoard,0,145500
658,7,Crawfor,1502,1931,270,776,1,2000,651,BrkTil,Wd Shng,1,7200,Stucco,0,149000
659,6,NAmes,1458,1948,330,912,1,1950,546,CBlock,VinylSd,1,17503,VinylSd,0,97500
660,5,Edwards,1486,1964,480,1486,1,1999,0,PConc,MetalSd,0,9937,MetalSd,0,167000
661,7,NWAmes,1935,1976,550,793,2,1976,793,CBlock,Plywood,1,12384,Plywood,113,197900
663,6,NAmes,1392,1968,576,1392,1,1968,0,CBlock,Wd Sdng,2,13560,Wd Sdng,0,110000
664,4,Edwards,1181,1972,588,1138,2,1972,0,CBlock,Plywood,0,10012,Plywood,0,137500
667,6,NAmes,2380,1965,596,1021,2,1979,915,CBlock,Plywood,1,18450,Plywood,265,129000
668,6,SawyerW,1679,1994,575,1408,2,1998,0,PConc,HdBoard,1,8125,HdBoard,42,193500
670,4,Crawfor,1180,1922,252,700,1,1950,0,BrkTil,MetalSd,1,11600,MetalSd,0,137500
671,6,CollgCr,1476,2005,540,738,2,2005,738,PConc,VinylSd,0,8633,VinylSd,35,173500
672,6,Edwards,1369,1925,300,672,2,1950,672,BrkTil,Wd Sdng,0,6629,Wd Sdng,0,103600
673,6,Veenker,1208,1977,546,1208,1,1977,0,CBlock,Plywood,1,11250,Plywood,42,165000
675,6,NAmes,1136,1965,384,1136,1,1965,0,CBlock,HdBoard,1,9200,HdBoard,0,140000
676,6,NPkVill,1441,1978,440,855,2,1978,586,CBlock,Brk Cmn,1,2289,Plywood,0,148500
677,4,OldTown,1774,1900,779,1095,2,1950,679,BrkTil,Stucco,0,9600,AsbShng,0,87000
678,5,OldTown,792,1924,240,768,1,2006,0,BrkTil,VinylSd,0,9022,VinylSd,0,109500
680,5,Sawyer,988,1961,572,988,1,1961,0,CBlock,Wd Sdng,0,9945,Wd Sdng,0,128500
681,6,SawyerW,923,1980,264,923,2,1980,0,CBlock,Plywood,1,8012,Plywood,0,143000
682,5,SWISU,1520,1932,281,793,1,2000,672,BrkTil,Stucco,0,4500,VinylSd,0,159434
683,6,ClearCr,1291,1996,431,1291,1,1997,0,PConc,Wd Sdng,1,2887,Wd Sdng,0,173000
684,9,CollgCr,1668,2002,702,1626,2,2002,0,PConc,VinylSd,1,11248,VinylSd,45,285000
685,7,NoRidge,1839,1998,486,1195,2,1998,644,PConc,VinylSd,0,16770,VinylSd,81,221000
686,7,StoneBr,2090,1984,577,1190,2,1984,900,CBlock,HdBoard,1,5062,HdBoard,0,207500
687,7,Somerst,1761,2007,578,874,3,2007,887,PConc,VinylSd,0,10207,VinylSd,105,227875
688,7,Somerst,1102,2004,480,551,2,2004,551,PConc,MetalSd,0,5105,MetalSd,60,148800
690,6,NridgHt,1362,2005,460,1362,2,2006,0,PConc,VinylSd,1,7577,VinylSd,28,194700
691,6,CollgCr,848,2004,420,848,1,2004,0,PConc,VinylSd,1,4426,VinylSd,0,141000
694,5,OldTown,1073,1921,326,1073,1,1968,0,BrkTil,MetalSd,0,5400,MetalSd,0,108480
695,5,BrkSide,1539,1936,576,927,1,1950,472,BrkTil,Wd Sdng,0,6120,Wd Sdng,0,141500
696,6,Timber,1137,1987,551,1112,2,1987,0,CBlock,HdBoard,1,13811,HdBoard,0,176000
697,5,BrkSide,616,1921,205,616,1,1950,0,CBlock,Wd Shng,0,6000,Wd Sdng,0,89000
698,5,Edwards,1148,1952,308,980,1,1952,0,PConc,Wd Sdng,0,6420,Wd Sdng,0,123500
699,5,Sawyer,894,1965,336,894,1,2009,0,CBlock,MetalSd,1,8450,MetalSd,144,138500
700,7,Somerst,1391,2004,530,1391,2,2004,0,PConc,MetalSd,0,4282,MetalSd,158,196000
701,8,Timber,1800,2002,765,1800,2,2002,0,PConc,VinylSd,1,14331,VinylSd,78,312500
702,7,NWAmes,1164,1969,528,1164,1,1969,0,CBlock,HdBoard,0,9600,HdBoard,0,140000
703,8,StoneBr,2576,2006,666,1234,2,2006,1312,PConc,VinylSd,1,12438,VinylSd,100,361919
704,5,OldTown,1812,1900,672,360,2,1996,780,BrkTil,Wd Sdng,1,7630,Wd Sdng,0,140000
705,7,CollgCr,1484,2004,606,1473,2,2005,0,PConc,VinylSd,0,8400,VinylSd,35,213000
709,7,Gilbert,1456,2007,400,728,2,2007,728,PConc,VinylSd,1,9018,VinylSd,24,179540
710,5,Sawyer,904,1966,408,876,1,1966,0,PConc,HdBoard,0,7162,HdBoard,0,109900
712,4,IDOTRR,1178,1900,384,859,1,1950,319,Stone,MetalSd,0,8712,MetalSd,0,102776
713,8,StoneBr,1228,1988,472,1228,2,1989,0,PConc,HdBoard,1,4671,HdBoard,120,189000
714,4,BrkSide,960,1970,576,960,1,1970,0,CBlock,HdBoard,0,9873,HdBoard,288,129000
715,6,Sawyer,1479,1976,475,725,2,2005,754,CBlock,Plywood,0,13517,HdBoard,44,130500
716,6,NWAmes,1350,1974,478,1064,2,1974,0,CBlock,HdBoard,1,10140,HdBoard,0,165000
717,7,OldTown,2554,1890,704,718,1,1998,978,BrkTil,VinylSd,0,10800,Wd Sdng,48,159500
718,5,NWAmes,1178,1973,439,1176,1,2000,0,CBlock,HdBoard,1,10000,HdBoard,0,157000
720,5,CollgCr,971,1969,300,971,1,1969,0,CBlock,Plywood,1,9920,HdBoard,0,128500
722,6,CollgCr,848,2004,420,848,1,2004,0,PConc,VinylSd,0,4426,VinylSd,0,143000
723,4,NAmes,864,1970,463,864,1,1970,0,CBlock,MetalSd,0,8120,MetalSd,0,124500
724,4,Edwards,1470,1954,548,941,2,1972,473,PConc,MetalSd,0,8172,MetalSd,0,135000
726,4,NAmes,864,1970,660,864,1,1970,0,CBlock,Plywood,0,6960,HdBoard,0,120500
727,6,Crawfor,1680,1988,540,880,2,2007,0,CBlock,Plywood,1,21695,Wd Sdng,44,222000
728,7,CollgCr,1232,2007,632,1232,2,2007,0,PConc,VinylSd,0,7314,VinylSd,0,194500
729,5,NAmes,1776,1958,888,1584,2,1958,0,CBlock,VinylSd,0,11475,VinylSd,25,110000
730,4,IDOTRR,1208,1925,539,780,1,1950,0,CBlock,MetalSd,0,6240,MetalSd,23,103000
731,8,StoneBr,1616,1995,608,1595,2,1996,0,PConc,CmentBd,1,5389,CemntBd,152,236500
732,7,Timber,1146,2003,438,868,2,2003,0,PConc,VinylSd,1,9590,VinylSd,22,187500
733,7,CollgCr,2031,1998,541,1153,2,1999,878,PConc,VinylSd,1,11404,VinylSd,84,222500
734,5,Sawyer,1144,1961,264,864,1,1983,0,CBlock,HdBoard,1,10000,HdBoard,0,131400
735,5,Sawyer,948,1968,300,948,1,1968,0,PConc,Plywood,0,8978,Plywood,0,108000
739,5,Edwards,1200,1987,0,1200,3,1988,0,CBlock,Plywood,0,10800,Plywood,0,179000
740,7,CollgCr,1728,2004,572,864,2,2004,864,PConc,VinylSd,0,9313,VinylSd,56,190000
741,5,OldTown,1432,1910,360,264,2,2002,664,BrkTil,Wd Shng,0,9600,Wd Sdng,0,132000
742,6,Sawyer,912,1961,288,912,1,1996,0,CBlock,HdBoard,0,6768,HdBoard,0,142000
743,7,SawyerW,1349,2000,539,1349,2,2001,0,PConc,VinylSd,0,8450,VinylSd,55,179000
744,5,Sawyer,1464,1963,480,520,2,1999,0,CBlock,HdBoard,1,12886,HdBoard,0,175000
745,8,StoneBr,1337,1993,462,1337,2,1993,0,PConc,HdBoard,1,5395,HdBoard,0,180000
749,7,NoRidge,1720,1996,527,1720,2,1996,0,PConc,VinylSd,1,10593,VinylSd,56,260400
751,4,OldTown,1140,1910,0,576,1,2004,348,BrkTil,Wd Sdng,0,8800,Wd Sdng,160,96500
752,7,Gilbert,1320,2003,400,660,2,2003,660,PConc,VinylSd,0,7750,VinylSd,48,162000
753,6,CollgCr,1494,1997,576,1479,2,1997,0,PConc,VinylSd,0,9236,VinylSd,27,217000
754,8,NridgHt,2098,2005,878,1030,2,2005,1060,PConc,VinylSd,1,10240,VinylSd,52,275500
755,6,NAmes,1026,1969,440,1026,1,2005,0,CBlock,Plywood,0,7930,Plywood,48,156000
756,6,Somerst,1471,1999,440,729,2,1999,729,PConc,MetalSd,0,3230,MetalSd,24,172500
757,8,CollgCr,1768,2007,578,866,2,2007,902,PConc,VinylSd,0,10769,VinylSd,105,212000
758,6,Sawyer,1386,1978,440,672,2,1978,714,CBlock,HdBoard,1,11616,HdBoard,0,158900
759,7,Somerst,1501,1999,440,744,2,1999,744,PConc,MetalSd,0,2280,MetalSd,0,179400
760,8,NoRidge,2531,1995,752,1318,2,1995,1203,PConc,VinylSd,1,12257,VinylSd,98,290000
761,6,NAmes,864,1959,300,864,1,1959,0,CBlock,Wd Sdng,0,9100,Wd Sdng,0,127500
762,5,BrkSide,1301,1924,440,1145,1,1950,0,PConc,Wd Sdng,0,6911,Wd Sdng,0,100000
763,7,Somerst,1547,2009,614,756,2,2009,783,PConc,VinylSd,0,8640,VinylSd,45,215200
766,9,Somerst,1506,2008,592,1498,2,2008,0,PConc,VinylSd,1,14587,VinylSd,174,264132
767,7,NWAmes,1714,1988,496,980,2,1988,734,CBlock,HdBoard,1,10421,HdBoard,66,196500
768,6,Mitchel,1750,1940,423,983,2,1985,767,CBlock,VinylSd,0,12508,VinylSd,0,160000
769,7,CollgCr,1836,2004,484,1860,2,2005,0,PConc,VinylSd,1,9100,VinylSd,33,216837
771,5,Sawyer,858,1982,576,858,1,1982,0,CBlock,Wd Sdng,0,7252,Wd Sdng,0,134900
773,6,Edwards,1117,1976,672,1029,1,1976,0,CBlock,Plywood,1,7819,Plywood,0,107000
774,5,NAmes,912,1958,275,912,1,1958,0,CBlock,Wd Sdng,0,10150,Wd Sdng,0,114500
776,6,Mitchel,1204,1998,412,1204,2,1998,0,PConc,VinylSd,0,4500,VinylSd,247,162000
777,7,CollgCr,1614,2005,865,1614,2,2006,0,PConc,VinylSd,0,11210,VinylSd,59,221500
778,5,Sawyer,894,1974,440,864,1,1974,0,CBlock,Plywood,1,13350,HdBoard,0,142500
780,6,Mitchel,1004,1977,504,975,1,1977,0,CBlock,ImStucc,0,10530,Plywood,0,135000
781,7,Gilbert,1253,1995,402,1237,2,1996,0,PConc,HdBoard,1,7875,HdBoard,21,176000
782,6,SawyerW,1603,1992,484,761,2,1992,793,PConc,VinylSd,0,7153,VinylSd,124,175900
783,7,CollgCr,1430,2001,605,1413,2,2002,0,PConc,VinylSd,0,16285,VinylSd,33,187100
784,5,Mitchel,1110,1978,602,1097,1,1978,0,PConc,Plywood,1,9101,Plywood,30,165500
785,6,OldTown,1484,1914,0,742,2,2001,742,CBlock,Wd Shng,1,6300,Wd Sdng,291,128000
786,6,NWAmes,1342,1967,457,1372,2,1967,0,CBlock,Wd Sdng,1,9790,BrkFace,0,161500
787,5,OldTown,1652,1915,416,686,2,1950,686,PConc,MetalSd,0,10800,MetalSd,0,139000
788,7,SawyerW,2084,2004,618,956,2,2004,1128,PConc,VinylSd,0,10142,VinylSd,45,233000
789,4,OldTown,901,1954,281,901,1,2000,0,CBlock,MetalSd,0,6000,MetalSd,0,107900
790,6,ClearCr,2087,1966,444,832,2,2007,1111,CBlock,HdBoard,0,12205,HdBoard,168,187500
791,7,Blmngtn,1145,2005,397,1145,2,2006,0,PConc,VinylSd,1,3182,VinylSd,16,160200
792,6,Mitchel,1062,1976,539,1029,1,1976,0,PConc,HdBoard,2,11333,HdBoard,0,146800
794,8,Somerst,1496,2007,474,1496,2,2007,0,PConc,CmentBd,0,9158,CemntBd,130,225000
795,7,Gilbert,1895,1994,409,712,2,1996,809,PConc,MetalSd,1,10832,MetalSd,46,194500
796,6,SawyerW,1564,1980,476,650,2,1981,676,CBlock,HdBoard,1,8400,HdBoard,50,171000
797,6,Sawyer,1285,1977,528,660,1,1977,0,CBlock,Plywood,1,8197,Plywood,0,143500
798,5,NAmes,773,1953,240,773,1,1953,0,CBlock,VinylSd,0,7677,VinylSd,0,110000
801,6,ClearCr,1688,1997,603,616,2,1997,1072,PConc,VinylSd,0,12798,VinylSd,114,200000
802,4,IDOTRR,1196,1916,440,1196,1,1990,0,CBlock,MetalSd,0,4800,MetalSd,0,109900
803,7,CollgCr,1456,2005,410,728,2,2005,728,PConc,Wd Shng,1,8199,WdShing,18,189000
805,5,NAmes,1128,1954,286,936,1,1954,0,CBlock,Wd Sdng,0,9000,Wd Sdng,0,118000
806,7,Somerst,1428,2008,554,1417,2,2008,0,PConc,VinylSd,0,12274,VinylSd,60,227680
807,5,NAmes,980,1967,384,980,2,1967,0,PConc,VinylSd,0,9750,VinylSd,0,135500
809,5,NAmes,1086,1966,484,1024,1,1966,0,CBlock,VinylSd,1,13400,VinylSd,0,159950
811,6,NWAmes,1309,1974,484,1040,1,1999,0,CBlock,HdBoard,1,10140,HdBoard,0,181000
812,6,CollgCr,848,2004,420,848,1,2004,0,PConc,VinylSd,1,4438,VinylSd,0,144500
814,6,NAmes,1442,1958,301,1442,1,1958,0,CBlock,MetalSd,0,9750,MetalSd,0,157900
815,5,Edwards,1250,1918,280,686,1,1950,564,BrkTil,Stucco,0,8248,Stucco,0,116000
816,7,CollgCr,1661,1998,598,1649,2,1998,0,PConc,VinylSd,0,12137,VinylSd,34,224900
817,5,NAmes,1008,1954,275,1008,1,1954,0,CBlock,BrkFace,1,11425,BrkFace,0,137000
819,6,ClearCr,1052,1971,440,1010,1,1971,0,CBlock,HdBoard,0,8816,HdBoard,0,155000
820,7,NridgHt,1358,2009,484,1358,2,2010,0,PConc,VinylSd,1,6371,VinylSd,35,224000
821,7,CollgCr,1640,2003,595,798,2,2003,842,PConc,VinylSd,0,7226,VinylSd,45,183000
822,4,OldTown,936,1953,576,936,1,1953,0,CBlock,MetalSd,0,6000,MetalSd,32,93000
823,7,Gilbert,1733,2003,433,847,2,2003,886,PConc,VinylSd,1,12394,VinylSd,48,225000
824,6,SWISU,1489,1940,240,778,2,1950,545,BrkTil,VinylSd,1,9900,VinylSd,0,139500
825,8,Somerst,1489,2006,776,1489,2,2006,0,PConc,VinylSd,1,11216,VinylSd,140,232600
827,5,BrkSide,784,1924,0,784,1,1950,0,BrkTil,MetalSd,0,6130,MetalSd,0,109500
828,7,SawyerW,1434,2001,527,1454,2,2001,0,PConc,VinylSd,1,8529,VinylSd,39,189000
830,7,Somerst,1223,2005,480,600,2,2005,623,PConc,MetalSd,0,2544,MetalSd,166,147400
831,6,NAmes,1392,1957,458,1392,1,1957,0,CBlock,HdBoard,2,11900,HdBoard,0,166000
832,7,Somerst,1200,2005,480,600,2,2005,600,PConc,MetalSd,0,3180,MetalSd,166,151000
833,7,CollgCr,1829,2003,613,941,2,2003,888,PConc,VinylSd,1,9548,VinylSd,39,237000
834,6,NAmes,1516,1964,472,1516,1,1964,0,CBlock,Plywood,0,10004,HdBoard,0,167000
835,5,NAmes,1144,1961,456,1144,1,1961,0,CBlock,VinylSd,0,7875,VinylSd,0,139950
836,4,Sawyer,1067,1950,436,1067,2,1995,0,CBlock,HdBoard,0,9600,VinylSd,0,128000
837,5,OldTown,1559,1948,812,1559,1,1973,0,BrkTil,VinylSd,0,8100,VinylSd,116,153500
838,6,BrDale,987,1973,264,483,1,1973,504,CBlock,HdBoard,0,1680,HdBoard,0,100000
839,5,CollgCr,1099,1995,352,1099,1,2006,0,PConc,VinylSd,0,9525,VinylSd,0,144000
840,5,Edwards,1200,1946,240,768,1,1995,432,CBlock,MetalSd,0,11767,MetalSd,0,130500
841,6,SWISU,1482,1925,400,672,2,1950,672,BrkTil,Wd Sdng,0,12155,Wd Sdng,0,140000
843,6,NAmes,1165,1966,490,1127,1,1966,0,CBlock,HdBoard,0,9020,HdBoard,129,174900
844,5,NAmes,1800,1961,0,1800,2,1961,0,CBlock,BrkFace,0,8000,BrkFace,0,141000
845,5,OldTown,1416,1915,720,876,1,1950,540,BrkTil,Wd Sdng,1,12665,Wd Sdng,0,153900
846,5,Sawyer,1701,1975,611,1390,2,1981,0,CBlock,HdBoard,2,16647,HdBoard,0,171000
847,7,SawyerW,1775,1993,425,740,2,1993,769,PConc,HdBoard,1,9317,HdBoard,72,213000
848,5,CollgCr,864,1972,338,864,1,1972,0,CBlock,Plywood,1,15523,HdBoard,0,133500
850,6,Veenker,1855,1976,512,528,2,1994,761,CBlock,Plywood,1,9600,Plywood,100,187000
851,6,CollgCr,848,2003,420,848,1,2003,0,PConc,VinylSd,0,4435,VinylSd,0,131500
852,8,Blmngtn,1456,2003,400,1273,2,2003,0,PConc,VinylSd,1,3196,VinylSd,20,215000
853,7,Crawfor,1646,1941,240,918,2,1950,728,CBlock,MetalSd,2,7128,MetalSd,0,164000
854,6,NAmes,1445,1964,645,1127,1,1964,0,CBlock,HdBoard,1,12095,MetalSd,0,158000
856,5,Sawyer,1040,1962,260,1040,1,2010,0,CBlock,HdBoard,0,6897,HdBoard,104,127000
857,6,CollgCr,1026,1978,576,940,1,1978,0,CBlock,HdBoard,0,10970,Plywood,0,147000
858,6,Gilbert,1481,1994,343,702,2,1995,779,PConc,HdBoard,1,8125,HdBoard,36,174000
859,7,NWAmes,1370,1976,479,1090,2,1976,0,CBlock,HdBoard,1,10400,HdBoard,0,152000
861,7,Crawfor,1426,1918,216,912,1,1998,514,BrkTil,Wd Sdng,1,7642,Wd Sdng,240,189950
862,5,Sawyer,1039,1965,504,1039,1,1965,0,PConc,HdBoard,0,11625,Plywood,0,131500
863,6,SawyerW,1097,1984,480,1040,2,1985,0,PConc,Plywood,0,9672,HdBoard,0,152000
864,5,NAmes,1148,1959,672,1148,1,1959,0,CBlock,Plywood,0,7931,BrkFace,0,132500
866,5,NAmes,1002,1970,902,1002,1,1970,0,CBlock,MetalSd,0,8750,MetalSd,0,148500
867,8,Timber,1646,2006,870,1638,2,2007,0,PConc,VinylSd,1,10656,VinylSd,80,248900
868,4,Sawyer,1120,1961,544,1040,1,1961,0,CBlock,VinylSd,0,6970,VinylSd,0,129000
871,5,NAmes,894,1962,308,894,1,1962,0,CBlock,MetalSd,0,6600,MetalSd,0,109500
872,6,CollgCr,1682,1998,523,804,2,1998,878,PConc,VinylSd,0,8750,VinylSd,77,200500
873,5,NAmes,910,1953,414,105,1,1996,0,Stone,Wd Shng,0,8892,WdShing,0,116000
874,5,NAmes,1268,1949,288,832,1,1950,0,CBlock,HdBoard,1,12144,HdBoard,28,133000
877,4,Mitchel,1040,1963,648,1064,1,1963,0,PConc,Plywood,0,25286,HdBoard,0,132250
878,9,NridgHt,2224,2004,738,1462,2,2005,762,PConc,VinylSd,1,8834,VinylSd,0,350000
879,5,Sawyer,1155,1961,576,1109,1,1995,0,CBlock,HdBoard,0,11782,HdBoard,0,148000
880,5,CollgCr,864,1978,336,864,1,2005,0,CBlock,VinylSd,0,7000,VinylSd,0,136500
881,5,Edwards,1090,2005,450,1090,1,2006,0,PConc,VinylSd,0,7024,VinylSd,49,157000
882,7,Timber,1717,1990,400,1156,2,1991,530,CBlock,HdBoard,1,13758,HdBoard,36,187500
883,6,Gilbert,1593,1992,389,808,2,1993,785,PConc,VinylSd,1,9636,VinylSd,40,178000
884,4,SWISU,2230,1912,440,795,1,1950,795,PConc,Wd Sdng,0,6204,Wd Sdng,188,118500
885,5,NAmes,892,1967,288,892,1,1967,0,CBlock,HdBoard,0,7150,HdBoard,0,100000
887,5,NAmes,1712,1959,588,1626,2,2005,0,CBlock,MetalSd,0,8393,MetalSd,54,145000
888,5,Edwards,1393,1955,300,816,1,1955,521,PConc,MetalSd,0,16466,MetalSd,0,135500
890,6,NAmes,1505,1953,505,1505,1,1953,0,CBlock,Wd Sdng,1,12160,Wd Sdng,0,149500
891,5,NAmes,924,1949,576,672,1,2006,252,CBlock,MetalSd,1,8064,MetalSd,0,122900
892,6,Sawyer,1683,1978,440,918,2,1978,765,CBlock,HdBoard,1,11184,HdBoard,0,172500
893,6,Sawyer,1068,1963,264,1059,1,2003,0,CBlock,HdBoard,0,8414,HdBoard,0,154500
896,6,NAmes,1796,1963,483,780,1,1963,813,CBlock,HdBoard,1,7056,HdBoard,50,140000
897,4,IDOTRR,951,1936,327,951,1,1950,0,BrkTil,Wd Sdng,0,8765,Wd Sdng,28,106500
900,5,Sawyer,1236,1961,288,912,1,1994,0,CBlock,Plywood,1,6993,HdBoard,0,135000
901,4,NAmes,858,1971,684,858,1,1971,0,CBlock,HdBoard,0,7340,HdBoard,0,110000
902,5,NAmes,1306,1957,756,992,1,2000,0,CBlock,MetalSd,0,8712,MetalSd,0,153000
903,7,Gilbert,1509,2003,393,783,2,2003,702,PConc,VinylSd,1,7875,VinylSd,75,180000
905,5,Sawyer,902,1967,288,876,1,1967,0,CBlock,Wd Sdng,0,6173,HdBoard,0,125500
906,5,NAmes,1063,1954,280,1056,1,1954,0,CBlock,HdBoard,0,9920,HdBoard,0,128000
907,8,Somerst,1636,2006,865,1623,2,2006,0,PConc,VinylSd,1,13501,VinylSd,60,255000
909,5,Mitchel,902,1983,484,864,1,1983,0,CBlock,HdBoard,0,8885,HdBoard,0,131000
910,6,Gilbert,1484,2005,390,742,2,2005,742,PConc,VinylSd,1,12589,VinylSd,24,174000
911,5,NAmes,2274,1960,480,1105,2,1960,1169,CBlock,MetalSd,0,11600,MetalSd,0,154300
912,5,CollgCr,1268,1977,252,1268,1,1989,0,CBlock,Plywood,0,9286,HdBoard,0,143500
913,5,BrkSide,1015,1925,450,768,1,1950,0,BrkTil,MetalSd,0,6120,MetalSd,0,88000
914,5,Crawfor,2002,1949,871,1001,2,1950,1001,CBlock,MetalSd,0,6270,MetalSd,0,145000
915,6,Somerst,1224,2009,528,612,2,2009,612,PConc,VinylSd,0,3000,VinylSd,234,173733
916,4,MeadowV,1092,1970,286,546,1,1970,546,CBlock,CmentBd,0,2001,CemntBd,0,75000
918,4,Edwards,1229,1956,284,1134,1,1956,0,CBlock,VinylSd,0,17140,VinylSd,0,135000
919,7,SawyerW,2127,1991,833,1104,2,1991,1215,PConc,HdBoard,1,13125,HdBoard,192,238000
921,6,SawyerW,1721,1994,471,928,2,1994,785,PConc,HdBoard,0,8462,HdBoard,87,201000
922,5,Edwards,2200,1900,0,1272,2,2003,928,CBlock,MetalSd,0,8777,MetalSd,70,145900
923,6,Gilbert,1316,2005,397,1316,2,2006,0,PConc,VinylSd,1,10237,VinylSd,0,169990
924,6,SawyerW,1617,1993,533,1604,2,1994,0,PConc,Plywood,1,8012,Plywood,69,193000
926,5,NWAmes,1126,1977,540,1126,2,1977,0,PConc,VinylSd,0,15611,VinylSd,0,175000
927,8,NridgHt,2374,2003,656,1181,2,2004,1140,PConc,VinylSd,1,11999,VinylSd,100,285000
928,7,NWAmes,1978,1968,486,832,2,1968,880,CBlock,MetalSd,1,9900,MetalSd,43,176000
929,8,CollgCr,1788,2001,522,1753,2,2001,0,PConc,VinylSd,1,11838,VinylSd,151,236500
930,7,Gilbert,2236,1997,642,964,2,1997,1243,PConc,HdBoard,1,13006,HdBoard,0,222000
931,8,Timber,1466,2007,610,1466,2,2007,0,PConc,VinylSd,0,8925,VinylSd,18,201000
932,5,NAmes,925,1965,429,925,1,1965,0,CBlock,VinylSd,0,9100,VinylSd,0,117500
933,9,Somerst,1905,2006,788,1905,2,2006,0,PConc,ImStucc,1,11670,VinylSd,191,320000
934,7,CollgCr,1500,2004,570,1500,2,2004,0,PConc,VinylSd,0,8487,VinylSd,36,190000
936,4,BrkSide,747,1926,528,600,1,1953,0,PConc,MetalSd,0,5825,MetalSd,0,79900
938,7,Somerst,1971,2005,689,1113,2,2005,858,PConc,VinylSd,1,9675,VinylSd,48,253000
941,6,Mitchel,1728,1976,574,1728,2,1976,0,CBlock,Plywood,0,12640,Plywood,0,150900
942,7,Gilbert,2060,1999,390,992,2,1999,1038,PConc,VinylSd,1,8755,VinylSd,0,214000
943,4,Edwards,1440,1977,0,1440,2,1977,0,PConc,MetalSd,0,7711,MetalSd,0,150000
944,5,Mitchel,1632,1967,576,1632,2,1967,0,CBlock,Plywood,0,25000,HdBoard,0,143000
945,6,Timber,1344,1958,525,819,1,1958,0,CBlock,HdBoard,1,14375,HdBoard,118,137500
946,5,OldTown,1869,1890,456,1088,1,1996,561,BrkTil,VinylSd,0,8820,VinylSd,0,124900
947,5,NAmes,1144,1959,796,1144,1,1959,0,CBlock,HdBoard,1,8163,HdBoard,0,143000
948,8,Timber,1629,2002,808,1616,2,2003,0,PConc,VinylSd,1,14536,VinylSd,252,270000
950,6,NWAmes,1381,1972,676,1161,1,2006,0,CBlock,Plywood,1,9360,Plywood,0,197500
951,5,NAmes,864,1950,720,864,1,2002,0,CBlock,VinylSd,0,7200,VinylSd,0,129000
952,5,SawyerW,965,1965,300,828,1,1965,0,CBlock,VinylSd,0,7800,VinylSd,0,119900
953,5,CollgCr,768,1972,396,768,1,2003,0,CBlock,HdBoard,0,7200,WdShing,0,133900
954,5,Mitchel,1968,1969,530,784,2,1969,800,CBlock,HdBoard,1,11075,HdBoard,189,172000
955,6,Edwards,980,1975,0,945,2,1975,0,CBlock,Plywood,0,9400,WdShing,0,127500
956,6,Crawfor,1958,1946,492,979,2,1950,979,CBlock,MetalSd,0,7136,MetalSd,0,145000
957,6,Blueste,1229,1980,462,561,1,1980,668,CBlock,MetalSd,1,1300,MetalSd,0,124000
958,5,Sawyer,1057,1962,576,1057,1,1962,0,CBlock,MetalSd,0,7420,MetalSd,0,132000
959,7,CollgCr,1337,2003,531,1337,2,2003,0,PConc,VinylSd,0,8450,VinylSd,39,185000
960,7,Somerst,1416,1999,484,696,2,1999,720,PConc,MetalSd,0,2572,MetalSd,44,155000
961,5,BrkSide,858,1958,0,858,1,2008,0,CBlock,Plywood,0,7207,Wd Sdng,0,116500
964,9,CollgCr,1800,2007,702,1800,2,2007,0,PConc,VinylSd,0,11923,VinylSd,136,239000
965,7,Timber,1894,2002,510,817,2,2003,1070,PConc,VinylSd,1,11316,VinylSd,40,214900
966,6,Gilbert,1484,2005,393,783,2,2007,701,PConc,VinylSd,1,10237,VinylSd,72,178900
967,5,Crawfor,1308,1940,256,728,1,1950,332,BrkTil,MetalSd,2,9600,MetalSd,70,160000
968,5,NAmes,1098,1955,260,1098,1,1955,0,CBlock,Wd Sdng,0,7390,Wd Sdng,0,135000
970,6,NAmes,1095,1958,264,588,1,1958,0,CBlock,HdBoard,0,10382,HdBoard,0,140000
971,4,NAmes,1192,1949,0,720,1,1950,472,CBlock,AsbShng,0,10800,AsbShng,0,135000
972,7,NridgHt,1626,2003,474,764,2,2004,862,PConc,Wd Shng,0,2268,VinylSd,27,173000
973,6,SawyerW,918,1979,264,918,2,1979,0,CBlock,Plywood,1,7892,Plywood,0,99500
975,7,BrkSide,2019,1910,532,728,1,1993,883,BrkTil,HdBoard,0,11414,HdBoard,135,167500
976,7,Somerst,1382,2000,490,673,2,2000,709,PConc,MetalSd,0,2651,MetalSd,50,165000
977,4,BrkSide,869,1923,0,440,1,1958,0,PConc,Wd Sdng,0,5900,Wd Sdng,0,85500
979,4,Edwards,894,1954,400,894,1,1954,0,CBlock,MetalSd,0,9450,MetalSd,0,110000
980,5,Sawyer,1121,1963,480,1121,1,1963,0,PConc,VinylSd,0,8816,VinylSd,80,139000
983,7,Blmngtn,1266,2007,388,1266,2,2007,0,PConc,VinylSd,1,3182,VinylSd,16,159895
984,8,CollgCr,2290,2002,779,1128,2,2002,1141,PConc,CmentBd,1,11250,CemntBd,0,255900
986,5,Edwards,1164,1950,240,1164,1,1950,0,CBlock,MetalSd,0,10880,MetalSd,48,125000
987,6,OldTown,1635,1910,255,485,1,2003,634,CBlock,VinylSd,0,5310,VinylSd,0,117000
989,6,NWAmes,2030,1976,551,848,2,1976,912,CBlock,Plywood,1,12046,Plywood,224,195000
990,7,Somerst,1576,2006,614,770,2,2006,798,PConc,VinylSd,0,8125,VinylSd,50,197000
994,6,CollgCr,1500,2005,564,750,2,2006,750,PConc,VinylSd,0,8846,VinylSd,35,173900
995,10,NridgHt,1718,2006,786,1700,2,2007,0,PConc,CmentBd,1,12456,CemntBd,48,337500
996,4,BrkSide,1230,1946,305,747,1,1950,456,CBlock,MetalSd,0,4712,MetalSd,57,121600
997,5,NAmes,1050,1961,368,1050,1,1961,0,CBlock,Wd Sdng,0,10659,Wd Sdng,319,136500
998,6,NWAmes,1442,1970,615,1442,2,1970,0,CBlock,HdBoard,1,11717,HdBoard,0,185000
999,3,IDOTRR,1077,1922,210,1007,1,1950,0,BrkTil,Wd Sdng,1,9786,Wd Sdng,100,91000
1000,7,CollgCr,1208,2006,632,1187,2,2006,0,PConc,VinylSd,0,6762,VinylSd,61,206000
1002,5,OldTown,691,1920,216,691,1,1950,0,BrkTil,Wd Sdng,0,5400,Wd Sdng,20,86000
1003,8,Somerst,1574,2006,824,1574,2,2006,0,PConc,VinylSd,1,11957,VinylSd,104,232000
1004,5,NWAmes,1680,1976,528,1680,2,1976,0,CBlock,VinylSd,0,11500,VinylSd,0,136905
1005,7,Blmngtn,1504,2005,457,1346,2,2006,0,PConc,VinylSd,1,3182,VinylSd,0,181000
1006,5,CollgCr,985,1977,328,985,2,1977,0,CBlock,HdBoard,0,8385,HdBoard,0,149900
1007,6,NAmes,1657,1970,484,1657,2,1970,0,CBlock,Plywood,1,12155,Plywood,0,163500
1008,4,MeadowV,1092,1970,286,546,1,1970,546,CBlock,CmentBd,0,2217,CemntBd,0,88000
1010,5,SWISU,1522,1926,0,1008,2,1950,0,BrkTil,Wd Sdng,0,6000,Wd Sdng,0,102000
1011,5,Sawyer,1271,1948,312,720,2,1950,551,CBlock,Wd Sdng,1,21286,Wd Sdng,0,135000
1013,6,Crawfor,1502,1923,180,602,1,1996,602,PConc,Wd Sdng,2,10592,Wd Sdng,0,165000
1014,5,OldTown,1022,1910,280,1022,1,2006,0,BrkTil,Stucco,0,7200,MetalSd,30,85000
1015,6,NAmes,1082,1948,240,1082,1,1950,0,CBlock,MetalSd,1,11664,MetalSd,130,119200
1016,8,NWAmes,1665,2001,528,810,2,2001,855,PConc,VinylSd,0,8400,VinylSd,45,227000
1017,7,CollgCr,1504,1996,478,1504,2,1996,0,PConc,VinylSd,1,11883,VinylSd,66,203000
1018,8,StoneBr,1360,1984,565,1220,1,1984,0,CBlock,HdBoard,1,5814,HdBoard,0,187500
1019,7,Gilbert,1472,1991,402,384,2,1992,670,PConc,HdBoard,1,10784,HdBoard,0,160000
1020,7,Blmngtn,1506,2005,440,1362,2,2005,0,PConc,VinylSd,1,3013,VinylSd,20,213490
1021,4,Edwards,1132,2005,451,1132,1,2005,0,PConc,VinylSd,0,7024,VinylSd,64,176000
1022,7,CollgCr,1220,2006,632,1199,2,2006,0,PConc,VinylSd,0,7406,VinylSd,54,194000
1023,5,OldTown,1248,1930,160,912,1,1950,336,CBlock,Wd Sdng,0,9439,Wd Sdng,0,87000
1024,7,Blmngtn,1504,2005,437,1346,2,2006,0,PConc,VinylSd,1,3182,VinylSd,20,191000
1026,5,CollgCr,882,1972,461,882,1,1972,0,CBlock,VinylSd,0,7700,VinylSd,0,112500
1027,5,NAmes,1264,1960,461,1268,1,1960,0,CBlock,HdBoard,2,9300,MetalSd,0,167500
1028,8,Timber,1646,2007,800,1638,2,2008,0,PConc,VinylSd,1,9520,VinylSd,44,293077
1029,5,NAmes,1376,1941,240,768,1,1950,408,CBlock,Wd Shng,1,9492,WdShing,0,105000
1030,6,BrDale,1218,1972,264,672,1,1972,546,CBlock,HdBoard,0,1680,HdBoard,28,118000
1031,5,SWISU,1928,1916,0,686,2,1995,980,PConc,VinylSd,0,7082,VinylSd,0,160000
1032,7,SWISU,3082,1920,672,824,2,1970,998,BrkTil,Plywood,2,15863,Wd Sdng,63,197000
1034,7,CollgCr,1654,2002,900,1654,2,2002,0,PConc,VinylSd,0,8125,VinylSd,136,230000
1035,5,Crawfor,954,1938,240,920,1,1950,0,PConc,MetalSd,1,6305,MetalSd,0,119750
1037,9,Timber,1620,2007,912,1620,2,2008,0,PConc,VinylSd,1,12898,VinylSd,0,315500
1038,8,CollgCr,2263,2001,905,1055,2,2002,1208,PConc,VinylSd,1,9240,VinylSd,45,287000
1039,4,MeadowV,1344,1970,0,546,1,2008,546,CBlock,CmentBd,1,1533,CemntBd,0,97000
1040,4,MeadowV,630,1970,286,630,1,1970,0,CBlock,CmentBd,0,1477,CemntBd,0,80000
1041,5,Sawyer,1803,1957,484,1134,2,2000,0,CBlock,Wd Sdng,1,13125,Wd Sdng,0,155000
1042,6,NWAmes,1632,1966,484,800,1,2000,832,CBlock,HdBoard,0,9130,HdBoard,40,173000
1043,6,NridgHt,1306,2005,624,1306,2,2005,0,PConc,VinylSd,1,5381,VinylSd,63,196000
1048,5,CollgCr,990,1994,672,990,1,1995,0,PConc,VinylSd,0,9245,VinylSd,0,145000
1051,7,Gilbert,1302,2007,436,1302,2,2007,0,PConc,VinylSd,0,8993,VinylSd,22,176485
1052,7,CollgCr,1316,2007,440,1316,2,2007,0,PConc,VinylSd,1,11175,VinylSd,20,200141
1053,6,NAmes,1977,1964,540,816,1,1978,850,CBlock,VinylSd,1,9500,VinylSd,52,165000
1054,5,Edwards,1526,1957,364,1216,1,2002,0,CBlock,HdBoard,1,8562,HdBoard,78,144500
1055,8,CollgCr,1989,2002,586,1065,2,2002,898,PConc,VinylSd,1,11367,VinylSd,60,255000
1056,6,NWAmes,1523,1976,478,1193,2,1976,0,CBlock,Plywood,1,11361,Plywood,0,180000
1057,7,NridgHt,1364,2005,484,1364,2,2005,0,PConc,VinylSd,1,7052,VinylSd,36,185850
1058,7,NoRidge,1850,1994,467,973,2,1994,871,PConc,HdBoard,1,29959,HdBoard,98,248000
1059,9,NridgHt,2184,2008,836,1104,2,2008,1054,PConc,VinylSd,1,11308,VinylSd,102,335000
1061,8,StoneBr,1338,2001,582,1338,2,2001,0,PConc,CmentBd,0,4920,CemntBd,0,213500
1063,5,OldTown,2337,1900,560,662,2,1950,915,BrkTil,Wd Sdng,0,13600,Wd Sdng,57,90000
1064,6,OldTown,1103,1925,440,1103,1,1980,0,BrkTil,MetalSd,1,6000,MetalSd,120,110500
1065,5,NAmes,1154,1966,480,1154,1,1966,0,CBlock,Plywood,1,11000,Plywood,58,154000
1067,6,Gilbert,1571,1993,380,799,2,1994,772,PConc,VinylSd,1,7837,VinylSd,40,178000
1068,6,NAmes,1611,1964,442,780,1,1964,813,CBlock,HdBoard,0,9760,HdBoard,128,167900
1069,6,MeadowV,2521,1973,576,942,2,1973,1230,CBlock,CmentBd,1,3964,CemntBd,20,151400
1070,5,NAmes,893,1949,576,845,1,2003,0,CBlock,MetalSd,0,9600,MetalSd,0,135000
1071,5,NAmes,1048,1956,286,1048,1,1956,0,CBlock,MetalSd,0,10152,MetalSd,20,135000
1072,6,NWAmes,1556,1968,441,727,1,1968,727,CBlock,MetalSd,0,11700,MetalSd,0,154000
1073,5,Edwards,1456,1948,280,810,1,1950,454,CBlock,MetalSd,1,7585,MetalSd,0,91500
1074,6,Edwards,1426,1977,440,690,1,1977,728,CBlock,Plywood,0,7950,HdBoard,0,159500
1075,7,CollgCr,1240,2006,826,1240,2,2006,0,PConc,VinylSd,0,8556,VinylSd,93,194000
1077,5,OldTown,1466,1936,566,796,2,1989,370,CBlock,Wd Sdng,1,10800,Wd Sdng,21,170000
1078,5,NAmes,1096,1969,299,1096,1,1969,0,CBlock,Plywood,0,15870,VinylSd,32,138800
1079,6,CollgCr,848,2004,420,848,1,2004,0,PConc,VinylSd,1,4435,VinylSd,0,155900
1080,5,CollgCr,990,1994,299,990,1,1994,0,PConc,VinylSd,0,8775,VinylSd,64,126000
1081,6,NWAmes,1258,1971,528,1258,2,2004,0,CBlock,VinylSd,0,11040,VinylSd,0,145000
1082,5,Sawyer,1040,1963,308,1040,1,1963,0,CBlock,HdBoard,0,7500,HdBoard,0,133000
1083,7,CollgCr,1459,2002,527,1459,2,2002,0,PConc,VinylSd,1,8749,VinylSd,39,192000
1084,6,NAmes,1251,1964,461,1251,1,1964,0,CBlock,HdBoard,2,8800,HdBoard,116,160000
1085,6,Gilbert,1498,1995,409,691,2,1996,807,PConc,HdBoard,1,13031,HdBoard,44,187500
1086,6,SawyerW,996,1992,564,936,1,1992,0,PConc,HdBoard,0,9069,HdBoard,0,147000
1087,4,MeadowV,1092,1973,286,546,1,1973,546,CBlock,CmentBd,0,1974,CemntBd,96,83500
1088,8,Somerst,1953,2005,1043,1082,2,2006,871,PConc,VinylSd,1,10574,VinylSd,50,252000
1089,7,Edwards,1709,2004,380,970,2,2004,739,PConc,VinylSd,0,2522,VinylSd,40,137500
1090,8,Somerst,1247,2005,550,1247,1,2005,0,PConc,MetalSd,1,3316,MetalSd,84,197000
1092,7,Somerst,1252,1999,462,600,2,2000,628,PConc,MetalSd,0,2160,MetalSd,48,160000
1093,6,SWISU,1694,1925,576,1181,2,1950,304,PConc,MetalSd,1,8400,MetalSd,0,136500
1094,5,NAmes,1200,1965,884,864,1,1998,0,CBlock,MetalSd,0,9230,MetalSd,64,146000
1095,5,NAmes,936,1956,308,936,1,2000,0,CBlock,MetalSd,0,5868,MetalSd,0,129000
1096,6,CollgCr,1314,2006,440,1314,2,2006,0,PConc,VinylSd,1,9317,VinylSd,22,176432
1097,6,IDOTRR,1355,1914,0,684,1,2006,582,PConc,Wd Sdng,0,6882,Wd Sdng,0,127000
1098,8,StoneBr,1088,1986,461,1074,1,1986,0,CBlock,HdBoard,0,3696,HdBoard,74,170000
1099,4,BrkSide,1324,1936,240,672,1,1950,567,BrkTil,MetalSd,0,6000,MetalSd,0,128000
1100,7,NWAmes,1601,1978,478,1271,2,1978,0,CBlock,Plywood,1,11880,Plywood,0,157000
1102,5,NAmes,950,1971,280,950,1,1971,0,CBlock,MetalSd,0,9758,HdBoard,0,119500
1103,5,NAmes,1134,1960,254,1010,1,2002,0,CBlock,Wd Sdng,0,7000,Wd Sdng,16,135000
1104,6,NAmes,1194,1959,539,655,1,1959,0,CBlock,BrkFace,1,8910,BrkFace,0,159500
1105,5,BrDale,1302,1970,440,630,2,1970,672,CBlock,HdBoard,0,2016,HdBoard,0,106000
1107,7,SawyerW,1442,1990,719,910,2,1991,0,PConc,HdBoard,1,10357,HdBoard,244,179900
1109,6,Gilbert,1690,2000,463,924,2,2000,742,PConc,VinylSd,1,8063,VinylSd,48,181000
1111,6,Gilbert,1658,1995,431,773,2,1996,885,PConc,HdBoard,1,8000,HdBoard,84,188000
1112,7,NWAmes,1964,1976,483,803,2,1976,866,CBlock,Plywood,1,10480,Plywood,69,205000
1113,5,NAmes,816,1957,308,816,1,1957,0,CBlock,Wd Shng,0,7100,WdShing,0,129900
1114,5,NAmes,1008,1953,240,1008,1,2006,0,CBlock,Wd Sdng,0,8923,Wd Sdng,18,134500
1115,5,OldTown,833,1954,326,833,1,2000,0,CBlock,MetalSd,0,5400,MetalSd,0,117000
1116,8,NridgHt,1734,2007,928,1734,2,2007,0,PConc,VinylSd,1,12085,VinylSd,0,318000
1117,8,Gilbert,1419,2002,527,408,2,2002,640,PConc,VinylSd,1,7750,VinylSd,0,184100
1118,5,Sawyer,894,1967,450,894,1,2003,0,CBlock,VinylSd,0,9764,VinylSd,0,130000
1119,5,Sawyer,1601,1958,300,533,1,1987,580,CBlock,MetalSd,0,13825,MetalSd,34,140000
1120,5,NAmes,1040,1959,286,1040,1,1959,0,CBlock,Wd Sdng,0,7560,BrkFace,0,133700
1121,6,IDOTRR,1012,1920,308,1012,1,1950,0,BrkTil,BrkFace,1,8263,BrkFace,22,118400
1122,7,CollgCr,1552,2005,782,1552,2,2006,0,PConc,VinylSd,0,10084,VinylSd,20,212900
1124,5,Edwards,698,1947,0,698,1,2008,0,CBlock,VinylSd,0,9405,VinylSd,200,118000
1125,7,Gilbert,1482,1992,392,384,2,1992,670,PConc,HdBoard,1,9125,HdBoard,25,163900
1126,4,NAmes,1005,1955,672,1005,1,1955,0,CBlock,Plywood,1,10434,Plywood,0,115000
1127,7,Blmngtn,1555,2007,660,1373,2,2007,0,PConc,VinylSd,1,3684,VinylSd,20,174000
1129,7,Gilbert,1959,2004,434,847,2,2005,1112,PConc,VinylSd,1,11796,VinylSd,48,215000
1130,5,OldTown,936,1980,672,936,1,1980,0,CBlock,MetalSd,0,7200,MetalSd,0,140000
1131,4,SWISU,1981,1928,576,1122,2,1950,653,BrkTil,Plywood,2,7804,WdShing,44,135000
1132,5,Mitchel,974,1991,0,974,1,1992,0,PConc,HdBoard,0,10712,HdBoard,28,93500
1133,6,OldTown,2210,1880,205,1008,2,1950,1032,BrkTil,Wd Sdng,0,9900,Wd Sdng,48,117500
1134,8,SawyerW,2020,1995,466,1128,2,1995,878,PConc,VinylSd,1,9828,VinylSd,155,239500
1135,6,Gilbert,1600,1997,460,916,2,1997,684,PConc,VinylSd,1,8773,VinylSd,38,169000
1136,6,BrkSide,986,1926,180,960,1,1950,0,BrkTil,Wd Sdng,1,6180,Wd Sdng,128,102000
1137,6,NAmes,1252,1950,288,1032,1,1950,220,CBlock,VinylSd,0,9600,VinylSd,0,119000
1139,6,Mitchel,1567,1977,714,1567,2,1977,0,PConc,ImStucc,2,9819,Plywood,32,196000
1140,5,BrkSide,1167,1920,495,915,1,1950,0,BrkTil,Stucco,1,8731,Stucco,0,144000
1141,5,NAmes,952,1951,840,952,1,1951,0,CBlock,HdBoard,0,7350,HdBoard,0,139000
1145,4,Edwards,924,1941,280,672,1,1950,252,BrkTil,MetalSd,0,12180,MetalSd,0,80000
1146,5,BrkSide,1576,1928,225,1042,1,1950,534,BrkTil,MetalSd,1,6240,MetalSd,0,149000
1147,6,SawyerW,1298,1985,403,1298,2,1985,0,CBlock,Wd Shng,1,11200,Wd Sdng,26,180000
1148,7,Crawfor,1564,1941,234,704,1,1950,704,CBlock,MetalSd,1,12000,MetalSd,0,174500
1149,7,OldTown,1111,1926,288,572,1,1950,539,PConc,Wd Sdng,1,5700,Wd Sdng,0,116900
1150,7,OldTown,1482,1920,324,650,1,1988,650,PConc,VinylSd,0,9000,VinylSd,0,143000
1151,6,NAmes,932,1950,306,932,1,1950,0,CBlock,BrkFace,1,8280,BrkFace,0,124000
1152,5,Edwards,1466,1959,528,1466,1,1959,0,CBlock,Plywood,2,17755,HdBoard,140,149900
1154,6,IDOTRR,816,1930,432,816,1,2007,0,BrkTil,Wd Sdng,0,5890,Wd Sdng,0,120500
1158,7,NridgHt,1314,2007,626,1314,2,2008,0,PConc,VinylSd,1,5001,VinylSd,62,230000
1159,8,Somerst,1580,2007,830,1580,2,2008,0,PConc,VinylSd,0,11932,VinylSd,24,235128
1160,6,NWAmes,1876,1974,540,901,2,1974,933,CBlock,HdBoard,1,9120,HdBoard,69,185000
1161,6,NPkVill,1456,1978,440,855,2,1978,601,CBlock,Brk Cmn,1,2280,Plywood,0,146000
1163,5,Sawyer,894,1968,450,894,1,1968,0,CBlock,VinylSd,1,8724,VinylSd,0,129000
1164,4,Sawyer,1258,1969,400,1198,0,1969,0,CBlock,Plywood,0,12900,Plywood,0,108959
1166,7,NridgHt,1502,2009,644,1502,2,2009,0,PConc,VinylSd,0,9541,VinylSd,114,233170
1168,6,Gilbert,1671,2000,472,959,2,2000,712,PConc,VinylSd,1,10852,VinylSd,38,173000
1171,6,Mitchel,1118,1977,358,1096,1,1977,0,CBlock,Plywood,1,9880,Plywood,0,171000
1172,6,NAmes,1261,1958,433,1261,1,1958,0,CBlock,MetalSd,1,9120,MetalSd,0,163000
1173,7,Somerst,1250,2006,625,625,2,2007,625,PConc,MetalSd,0,4017,MetalSd,54,171900
1177,5,Mitchel,923,1984,264,876,1,1985,0,CBlock,Plywood,0,6951,HdBoard,0,119500
1178,6,OldTown,1224,1926,210,818,1,2004,406,CBlock,MetalSd,0,3950,MetalSd,0,115000
1179,5,Crawfor,1343,1921,186,731,1,1950,523,BrkTil,Wd Sdng,1,7681,Wd Sdng,0,154900
1184,5,OldTown,1130,1920,720,1120,1,1950,0,BrkTil,Stucco,1,10800,Stucco,0,120000
1186,5,Edwards,1221,1924,392,784,1,1950,272,BrkTil,AsbShng,0,9738,AsbShng,0,104900
1187,3,OldTown,1699,1900,420,978,2,1970,685,CBlock,HdBoard,0,10615,HdBoard,74,95000
1189,7,CollgCr,1660,2002,493,831,2,2002,829,PConc,VinylSd,0,8935,VinylSd,68,195000
1190,7,Gilbert,1804,1999,442,994,2,1999,776,PConc,VinylSd,1,7500,VinylSd,60,189000
1192,8,Somerst,1441,1999,492,776,2,2000,677,PConc,MetalSd,0,2645,MetalSd,0,174000
1193,5,OldTown,1472,1925,250,702,1,1994,630,PConc,VinylSd,0,9600,VinylSd,0,125000
1194,6,Mitchel,1224,1999,402,1224,2,1999,0,PConc,VinylSd,0,4500,VinylSd,304,165000
1195,6,Sawyer,1352,1969,299,663,1,1969,689,CBlock,HdBoard,0,9364,HdBoard,36,158000
1196,6,Gilbert,1456,2005,400,728,2,2005,728,PConc,VinylSd,0,8029,VinylSd,24,176000
1197,7,Gilbert,1863,2006,660,879,2,2006,984,PConc,VinylSd,1,14054,VinylSd,17,219210
1198,7,OldTown,1690,1916,225,815,1,1950,875,BrkTil,MetalSd,1,8850,MetalSd,0,144000
1199,7,CollgCr,1212,2001,573,1212,2,2001,0,PConc,VinylSd,0,9100,VinylSd,0,178000
1200,4,Sawyer,1382,1963,459,1051,1,1979,0,CBlock,HdBoard,1,11235,HdBoard,82,148000
1201,4,NAmes,864,1970,280,864,1,1970,0,CBlock,MetalSd,0,9353,MetalSd,0,116050
1202,7,CollgCr,1779,1998,546,866,2,1998,913,PConc,VinylSd,0,10400,VinylSd,36,197900
1203,5,BrkSide,1348,1925,216,884,1,1997,464,BrkTil,Wd Sdng,1,6000,Wd Sdng,0,117000
1204,7,CollgCr,1630,2000,451,1630,2,2001,0,PConc,VinylSd,1,9750,VinylSd,234,213000
1205,5,NWAmes,1074,1975,495,1056,1,1975,0,CBlock,HdBoard,0,10140,HdBoard,88,153500
1207,4,SawyerW,1056,1966,384,1056,1,1966,0,CBlock,HdBoard,0,8900,HdBoard,42,107000
1208,6,CollgCr,1700,2003,544,1682,2,2003,0,PConc,VinylSd,0,9135,VinylSd,23,200000
1209,5,NAmes,1283,1962,506,931,1,1980,0,CBlock,MetalSd,0,7763,MetalSd,0,140000
1210,8,Somerst,1660,2006,500,1660,2,2006,0,PConc,VinylSd,1,10182,VinylSd,50,290000
1211,6,SawyerW,1845,1992,462,1055,2,1992,790,PConc,Wd Sdng,1,11218,Wd Sdng,104,189000
1212,8,Gilbert,1752,1988,492,559,2,2005,672,Wood,Wd Sdng,0,12134,Wd Sdng,12,164000
1213,4,Edwards,672,1941,234,672,1,1950,0,CBlock,MetalSd,0,9340,MetalSd,113,113000
1214,4,Sawyer,960,1965,364,648,0,2001,0,CBlock,VinylSd,0,10246,VinylSd,0,145000
1215,5,NAmes,999,1962,300,925,1,1962,0,CBlock,MetalSd,0,10205,MetalSd,72,134500
1216,5,Sawyer,894,1966,384,894,1,1966,0,CBlock,VinylSd,0,7094,VinylSd,0,125000
1218,8,Somerst,1314,2009,552,1300,2,2009,0,PConc,CmentBd,0,8640,CemntBd,112,229456
1220,6,BrDale,1218,1971,0,672,1,1971,546,CBlock,CmentBd,0,1680,CemntBd,0,91500
1222,5,Sawyer,1211,1968,322,952,1,1968,0,CBlock,HdBoard,1,8250,HdBoard,63,134000
1223,6,NAmes,1846,1949,315,1040,2,1950,678,CBlock,Wd Sdng,1,10496,Wd Sdng,0,143000
1224,5,NAmes,2136,1951,528,2136,2,1951,0,CBlock,Wd Sdng,0,10680,Wd Sdng,30,137900
1225,7,Gilbert,1490,2004,388,788,2,2005,702,PConc,VinylSd,1,15384,VinylSd,75,184000
1226,6,NAmes,1138,1958,264,588,1,1958,0,CBlock,VinylSd,0,10482,VinylSd,0,145000
1227,6,Somerst,1933,2007,668,894,2,2007,1039,PConc,VinylSd,1,14598,VinylSd,18,214000
1228,5,NAmes,912,1965,576,912,1,2008,0,CBlock,VinylSd,0,8872,VinylSd,240,147000
1230,5,NAmes,1507,1960,404,1075,2,1960,0,CBlock,HdBoard,0,7910,BrkFace,0,127000
1232,5,NAmes,1190,1962,540,1106,1,1962,0,CBlock,Wd Sdng,0,7728,Wd Sdng,18,132500
1234,5,NAmes,1188,1959,531,1188,1,1959,0,CBlock,Plywood,0,12160,Plywood,0,142000
1236,5,Crawfor,1784,1914,180,747,1,1950,892,BrkTil,Wd Sdng,0,13132,Wd Sdng,40,138887
1237,7,NridgHt,1626,2003,474,764,2,2003,862,PConc,Wd Shng,0,2628,VinylSd,27,175500
1238,7,CollgCr,1948,2004,434,847,2,2005,1101,PConc,VinylSd,1,12393,VinylSd,48,195000
1239,6,SawyerW,1141,2005,484,1141,1,2005,0,PConc,VinylSd,0,13072,VinylSd,0,142500
1240,8,Timber,1484,2006,472,1476,2,2006,0,PConc,VinylSd,1,9037,VinylSd,33,265900
1241,7,CollgCr,1768,2003,543,884,2,2003,884,PConc,VinylSd,0,8158,VinylSd,63,224900
1243,7,NWAmes,1173,1974,528,1053,2,1974,0,CBlock,Plywood,2,10625,Plywood,120,170000
1246,6,NWAmes,1868,1984,477,585,3,2003,728,CBlock,VinylSd,1,12090,VinylSd,112,178000
1247,7,Somerst,1553,2005,615,756,2,2006,797,PConc,VinylSd,0,8125,VinylSd,45,186500
1248,6,Mitchel,1034,1976,888,1012,1,1976,0,CBlock,HdBoard,0,12328,HdBoard,0,169900
1250,5,NAmes,988,1950,276,876,1,1950,0,CBlock,MetalSd,0,7200,MetalSd,80,119000
1252,7,NridgHt,1405,2003,478,1405,2,2003,0,PConc,Wd Shng,1,3136,VinylSd,36,171750
1253,5,Mitchel,874,1968,288,864,1,1968,0,CBlock,HdBoard,0,9858,HdBoard,0,130000
1255,7,Edwards,1656,2003,397,746,2,2004,896,PConc,VinylSd,1,6931,VinylSd,128,165400
1256,6,BrkSide,1367,1931,560,884,1,1950,408,BrkTil,Wd Sdng,1,6240,Wd Sdng,0,127500
1258,5,Edwards,864,1922,0,864,1,1950,0,PConc,Wd Sdng,0,4060,Wd Sdng,96,99900
1259,7,Gilbert,1166,2005,400,856,2,2005,0,PConc,VinylSd,0,9587,VinylSd,0,190000
1260,6,NAmes,1054,1969,460,1054,1,1969,0,CBlock,HdBoard,0,9750,HdBoard,0,151000
1261,6,Gilbert,1675,1999,502,841,2,1999,783,PConc,VinylSd,1,24682,VinylSd,103,181000
1262,5,NAmes,1050,1956,338,1050,1,1956,0,CBlock,MetalSd,0,9600,MetalSd,0,128900
1263,4,ClearCr,1788,1957,304,1104,1,1989,684,CBlock,Wd Sdng,2,11250,Wd Sdng,0,161500
1264,6,BrkSide,1824,1919,520,764,1,1950,764,PConc,Wd Sdng,1,13515,Wd Sdng,0,180500
1265,6,NAmes,1337,1998,511,1405,2,1999,0,PConc,MetalSd,0,4060,MetalSd,68,181000
1266,7,Somerst,1452,1999,506,691,2,1999,739,PConc,MetalSd,0,3735,MetalSd,34,183900
1267,7,OldTown,1889,1910,308,925,1,1950,925,CBlock,Wd Sdng,1,10120,Wd Sdng,0,122000
1270,5,NAmes,1524,1958,315,874,1,1958,650,CBlock,MetalSd,0,11344,MetalSd,0,144000
1272,6,NWAmes,1489,1968,462,1489,2,1968,0,CBlock,BrkFace,1,9156,BrkFace,0,185750
1273,5,Sawyer,935,1965,288,935,1,1965,0,CBlock,Plywood,0,13526,HdBoard,0,137000
1274,6,Edwards,1357,1959,312,1019,1,2006,0,CBlock,Plywood,1,11512,Plywood,0,177000
1275,5,Crawfor,1250,1910,552,661,2,2003,589,PConc,Wd Shng,1,5362,Wd Sdng,0,139000
1276,5,NAmes,1920,1948,400,928,2,1950,992,CBlock,AsbShng,0,11345,AsbShng,0,137000
1277,6,NWAmes,1395,1972,497,723,1,1972,660,CBlock,Plywood,1,12936,HdBoard,116,162000
1280,4,IDOTRR,1128,1920,528,698,1,1950,430,CBlock,MetalSd,0,7500,MetalSd,0,68400
1281,7,CollgCr,1573,2002,544,1573,2,2002,0,PConc,VinylSd,0,9808,VinylSd,72,227000
1282,7,Timber,1339,1990,484,1309,2,1990,0,CBlock,HdBoard,1,8049,HdBoard,58,180000
1283,5,CollgCr,1040,1977,484,1040,2,2008,0,CBlock,HdBoard,0,8800,HdBoard,0,150500
1284,6,Mitchel,1824,1971,0,912,2,1971,912,CBlock,Wd Shng,0,9400,MetalSd,0,139000
1285,6,SWISU,2447,1919,336,804,2,1990,748,PConc,Wd Shng,1,9638,Wd Sdng,0,169000
1286,6,BrkSide,1412,1939,280,780,1,1950,587,CBlock,MetalSd,1,6000,MetalSd,0,132500
1287,6,NWAmes,1328,1963,528,1328,1,1963,0,CBlock,HdBoard,2,9790,HdBoard,26,143000
1289,8,StoneBr,1659,2000,499,1501,2,2000,0,PConc,CmentBd,1,5664,CemntBd,59,278000
1290,8,NridgHt,1970,2006,753,1085,2,2006,850,PConc,VinylSd,1,11065,VinylSd,74,281000
1291,5,NAmes,1152,1964,484,1152,1,1964,0,PConc,HdBoard,1,14112,Wd Sdng,0,180500
1292,5,BrDale,1302,1972,264,630,2,1972,672,CBlock,CmentBd,0,1680,CemntBd,0,119500
1293,5,OldTown,2372,1892,432,994,2,1965,994,Stone,Wd Sdng,0,6600,Wd Sdng,287,107500
1294,7,NWAmes,1664,1976,528,832,2,1976,832,PConc,HdBoard,1,10140,HdBoard,28,162900
1295,5,Edwards,864,1955,572,864,1,1990,0,CBlock,Plywood,0,8172,WdShing,0,115000
1296,5,NAmes,1052,1968,288,1052,1,1968,0,CBlock,HdBoard,0,8400,HdBoard,0,138500
1297,5,NAmes,1128,1963,525,1120,2,1963,0,CBlock,MetalSd,0,8700,MetalSd,20,155000
1298,6,Edwards,1072,2005,525,547,2,2006,0,PConc,VinylSd,0,3675,VinylSd,44,140000
1300,5,NAmes,1246,1959,305,1246,1,1994,0,CBlock,BrkFace,0,7500,BrkFace,0,154000
1301,7,Gilbert,1983,1999,490,978,2,1999,978,PConc,VinylSd,1,10762,VinylSd,0,225000
1302,6,Crawfor,1494,1942,213,771,1,1950,741,CBlock,Wd Sdng,2,7500,Wd Sdng,0,177500
1303,8,NoRidge,2526,1994,844,1165,2,1994,1323,PConc,VinylSd,1,10120,VinylSd,78,290000
1304,7,Somerst,1616,2005,834,1616,2,2005,0,PConc,VinylSd,0,8688,VinylSd,59,232000
1305,7,Edwards,1708,2004,380,976,2,2004,732,PConc,VinylSd,0,3363,VinylSd,40,130000
1306,9,NridgHt,1652,2006,840,1652,2,2007,0,PConc,VinylSd,2,13173,VinylSd,102,325000
1307,7,NridgHt,1368,2005,474,1368,2,2006,0,PConc,VinylSd,1,6955,VinylSd,35,202500
1308,5,CollgCr,990,1994,480,990,1,1995,0,PConc,VinylSd,0,8072,VinylSd,64,138000
1309,5,OldTown,1122,1948,528,924,1,2005,0,CBlock,MetalSd,0,12000,MetalSd,36,147000
1310,6,SawyerW,1294,1991,496,1278,2,1991,0,CBlock,HdBoard,0,7153,HdBoard,51,179200
1312,7,CollgCr,1274,2005,508,1274,2,2007,0,PConc,VinylSd,0,8814,VinylSd,98,203000
1315,4,Edwards,948,1954,280,948,1,1954,0,CBlock,Wd Sdng,1,8190,Wd Sdng,36,119000
1317,8,CollgCr,1630,2008,860,1622,2,2008,0,PConc,VinylSd,1,10226,VinylSd,42,295493
1318,7,Somerst,1352,2006,466,1352,2,2007,0,PConc,VinylSd,1,4230,VinylSd,241,208900
1319,8,CollgCr,1787,2001,748,1753,2,2002,0,PConc,VinylSd,1,14781,VinylSd,150,275000
1320,4,Edwards,948,1954,248,864,1,1954,0,PConc,Wd Sdng,0,10215,Wd Sdng,0,111000
1321,6,NAmes,1478,1957,442,1478,1,1957,0,CBlock,BrkFace,2,8400,BrkFace,0,156500
1323,7,NoRidge,1923,1992,564,750,2,1992,862,PConc,HdBoard,1,10186,HdBoard,39,190000
1324,4,BrkSide,708,1940,0,420,1,1950,0,CBlock,VinylSd,0,5330,VinylSd,0,82500
1325,8,Somerst,1795,2006,895,1795,2,2007,0,PConc,VinylSd,1,9986,VinylSd,49,147000
1327,3,Edwards,774,1931,0,544,1,2006,0,BrkTil,MetalSd,0,4270,MetalSd,0,79000
1328,5,Mitchel,816,1982,264,816,1,2008,0,CBlock,VinylSd,1,6600,VinylSd,0,130500
1330,7,Gilbert,1632,1998,462,935,2,1998,677,PConc,VinylSd,1,9084,VinylSd,28,176500
1331,8,Somerst,1588,2006,825,1588,2,2006,0,PConc,VinylSd,1,10000,VinylSd,45,227000
1332,5,CollgCr,954,1976,576,911,1,1976,0,CBlock,MetalSd,0,10780,MetalSd,0,132500
1333,4,Edwards,816,1938,288,816,1,1958,0,CBlock,MetalSd,1,8877,MetalSd,0,100000
1334,5,IDOTRR,1360,1938,297,803,1,1995,557,CBlock,Wd Sdng,0,7200,Wd Sdng,65,125500
1335,5,BrDale,1365,1970,440,765,1,1970,600,CBlock,HdBoard,0,2368,HdBoard,36,125000
1336,6,NWAmes,1334,1977,630,1350,2,1977,0,CBlock,Plywood,1,9650,Plywood,16,167900
1337,5,NWAmes,1656,1973,506,1656,2,1973,0,CBlock,Plywood,0,9246,Plywood,211,135000
1339,7,CollgCr,1861,2002,492,916,2,2002,941,PConc,VinylSd,0,13450,VinylSd,91,200000
1340,5,CollgCr,864,1972,288,864,1,1972,0,CBlock,MetalSd,0,9560,MetalSd,0,128500
1341,4,NAmes,872,1971,480,858,1,1971,0,CBlock,MetalSd,0,8294,MetalSd,0,123000
1342,6,SawyerW,1114,2003,576,1114,1,2004,0,PConc,VinylSd,0,13695,VinylSd,78,155000
1343,8,CollgCr,2169,2002,647,1284,2,2002,885,PConc,VinylSd,1,9375,VinylSd,87,228500
1344,6,Crawfor,1913,1928,342,896,1,1950,741,BrkTil,Stone,1,7558,BrkFace,0,177000
1345,7,CollgCr,1456,2006,440,728,2,2006,728,PConc,VinylSd,1,11103,VinylSd,0,155835
1346,4,OldTown,960,1920,308,960,1,1950,0,PConc,MetalSd,0,6000,MetalSd,0,108500
1348,8,Timber,1776,2006,712,1732,2,2007,0,PConc,VinylSd,1,15306,VinylSd,0,283463
1349,7,SawyerW,1494,1998,514,1482,2,1998,0,PConc,VinylSd,1,16196,VinylSd,25,215000
1352,6,NAmes,1716,1962,490,858,1,1962,858,CBlock,HdBoard,1,9247,HdBoard,84,171000
1353,6,BrkSide,1176,1937,624,698,1,2000,390,BrkTil,MetalSd,0,6000,MetalSd,0,134900
1355,7,CollgCr,1865,2000,839,992,2,2000,873,PConc,VinylSd,1,10316,VinylSd,184,235000
1356,7,NWAmes,1920,1968,487,570,3,1992,698,CBlock,MetalSd,1,10192,MetalSd,98,170000
1357,5,NAmes,892,1966,264,864,1,1966,0,CBlock,HdBoard,0,9477,HdBoard,0,110000
1358,5,NAmes,1078,1971,500,1078,1,2008,0,CBlock,VinylSd,1,12537,VinylSd,0,149900
1359,6,Somerst,1573,2000,440,756,2,2000,804,PConc,MetalSd,0,2117,MetalSd,32,177500
1360,9,NridgHt,1980,2004,770,1980,2,2005,0,PConc,VinylSd,1,16737,VinylSd,45,315000
1362,7,StoneBr,1530,2005,430,1530,2,2005,0,PConc,VinylSd,1,16158,VinylSd,36,260000
1363,4,NAmes,1738,1920,368,715,2,2007,457,BrkTil,VinylSd,1,12513,VinylSd,0,104900
1364,6,Gilbert,1412,2006,432,616,2,2007,796,PConc,VinylSd,1,8499,VinylSd,36,156932
1365,7,Somerst,1200,2005,480,600,2,2005,600,PConc,MetalSd,0,3180,MetalSd,166,144152
1366,7,Somerst,1674,2000,663,814,2,2000,860,PConc,VinylSd,0,7500,VinylSd,96,216000
1367,7,CollgCr,1790,1999,588,873,2,1999,908,PConc,VinylSd,0,9179,VinylSd,88,193000
1368,5,MeadowV,1475,1977,336,757,2,1977,550,PConc,CmentBd,1,2665,CemntBd,26,127000
1369,6,CollgCr,848,2003,420,848,1,2004,0,PConc,VinylSd,0,4435,VinylSd,0,144000
1370,8,CollgCr,1668,2003,502,1657,2,2003,0,PConc,VinylSd,1,10635,VinylSd,262,232000
1372,6,NAmes,1661,1955,377,992,1,1996,0,CBlock,AsbShng,1,9600,AsbShng,28,165500
1373,7,CollgCr,2097,1998,583,1108,2,1998,989,PConc,VinylSd,1,9750,VinylSd,170,274300
1375,7,Somerst,1958,2005,936,1026,2,2005,932,PConc,CmentBd,1,10625,CemntBd,210,250000
1376,8,Timber,1571,2007,722,1571,2,2007,0,PConc,VinylSd,1,10991,VinylSd,36,239000
1377,6,SWISU,790,1930,160,768,1,1950,0,BrkTil,Wd Sdng,0,6292,Wd Sdng,141,91000
1378,5,Edwards,1604,1941,660,984,2,1960,620,CBlock,Wd Sdng,0,10998,Wd Sdng,68,117000
1379,6,BrDale,987,1973,264,483,1,1973,504,CBlock,HdBoard,0,1953,HdBoard,0,83000
1381,3,Edwards,864,1914,200,864,1,1950,0,BrkTil,Stucco,0,8212,Stucco,0,58500
1383,7,OldTown,1762,1920,576,596,1,1950,764,BrkTil,Wd Sdng,0,7200,Wd Sdng,0,157000
1384,5,Sawyer,1416,1918,576,816,2,2007,0,BrkTil,Wd Sdng,0,25339,Wd Sdng,0,112000
1385,6,Edwards,1258,1939,280,560,1,1950,560,BrkTil,Wd Shng,0,9060,WdShing,0,105000
1386,4,IDOTRR,1154,1922,240,796,1,2007,358,BrkTil,VinylSd,0,5436,VinylSd,96,125500
1388,6,OldTown,2526,1916,216,714,2,1950,862,BrkTil,Stucco,1,8520,Stucco,15,136000
1390,6,BrkSide,1218,1941,440,735,1,1950,349,BrkTil,Wd Sdng,1,6000,Wd Sdng,0,131000
1391,7,CollgCr,1525,2000,541,1525,2,2000,0,PConc,VinylSd,0,9100,VinylSd,36,235000
1392,5,NAmes,1584,1967,792,1584,2,1967,0,CBlock,Plywood,0,8944,Plywood,152,124000
1393,5,NAmes,900,1967,288,864,1,1967,0,CBlock,HdBoard,1,7838,HdBoard,144,123000
1395,7,Blmngtn,1500,2006,648,1356,2,2006,0,PConc,VinylSd,1,4045,VinylSd,20,246578
1396,8,Timber,2482,2005,642,1094,2,2006,1349,PConc,VinylSd,1,12665,VinylSd,39,281213
1398,5,BrkSide,1513,1920,180,939,1,2004,574,BrkTil,MetalSd,0,6120,MetalSd,0,137500
1399,5,NAmes,1904,1950,240,1208,1,1982,768,CBlock,Wd Sdng,0,7200,VinylSd,0,138000
1400,6,SWISU,1608,1925,216,976,2,1990,448,BrkTil,Wd Shng,1,6171,WdShing,16,137450
1401,6,BrkSide,1158,1929,208,862,1,1950,208,BrkTil,Wd Shng,1,6000,WdShing,0,120000
1402,6,Gilbert,1593,2004,398,839,2,2004,729,PConc,VinylSd,1,7415,VinylSd,75,193000
1403,7,CollgCr,1294,2006,662,1286,2,2006,0,PConc,VinylSd,1,6762,VinylSd,55,193879
1405,3,OldTown,1214,1915,936,672,1,1950,520,PConc,Wd Sdng,0,10410,Wd Sdng,0,105000
1406,8,Crawfor,1646,2004,482,1594,2,2005,0,PConc,CmentBd,1,3842,CemntBd,53,275000
1407,5,CollgCr,768,1972,396,768,1,2007,0,CBlock,Wd Shng,0,8445,HdBoard,0,133000
1409,4,OldTown,1363,1910,528,622,1,1950,622,CBlock,VinylSd,0,7740,VinylSd,0,125500
1410,7,NWAmes,2093,1986,542,791,2,1991,857,CBlock,Plywood,1,20544,Plywood,63,215000
1411,7,CollgCr,1840,2001,622,944,2,2001,896,PConc,VinylSd,0,12420,VinylSd,45,230000
1412,6,NAmes,1668,1950,271,856,1,2005,556,CBlock,VinylSd,0,9600,VinylSd,0,140000
1414,8,SawyerW,1844,2005,620,1844,2,2006,0,PConc,VinylSd,1,10994,VinylSd,44,257000
1416,7,Blmngtn,1569,2007,660,1386,2,2007,0,PConc,VinylSd,1,3635,VinylSd,20,175900
1417,4,OldTown,2290,1885,560,777,2,1950,1044,PConc,AsbShng,0,11340,VinylSd,0,122500
1419,5,NAmes,1144,1963,336,1144,1,1963,0,CBlock,HdBoard,0,9204,HdBoard,88,124000
1420,6,Crawfor,1844,1969,540,1844,2,1969,0,CBlock,Plywood,1,16381,Plywood,73,223000
1421,6,NWAmes,1416,1968,776,708,2,1968,708,CBlock,HdBoard,1,11700,HdBoard,169,179900
1422,6,NPkVill,1069,1977,440,1069,2,1977,0,CBlock,Plywood,1,4043,Plywood,55,127500
1423,6,CollgCr,848,2003,420,848,1,2003,0,PConc,VinylSd,0,4435,VinylSd,0,136500
1425,5,NAmes,1344,1958,484,1024,1,1983,0,CBlock,HdBoard,1,9503,HdBoard,28,144000
1426,6,NAmes,1252,1959,528,1252,1,1959,0,CBlock,HdBoard,0,10721,HdBoard,39,142000
1427,7,NoRidge,2127,1994,525,1223,2,1994,904,PConc,VinylSd,2,10944,VinylSd,132,271000
1428,5,NAmes,1558,1945,288,913,1,1950,510,CBlock,MetalSd,1,10930,MetalSd,0,140000
1429,5,OldTown,804,1940,240,788,1,1992,0,CBlock,MetalSd,2,7200,MetalSd,0,119000
1430,6,NWAmes,1440,1981,467,1440,2,1981,0,CBlock,MetalSd,1,12546,MetalSd,0,182900
1432,6,NPkVill,958,1976,440,958,2,1976,0,CBlock,Plywood,0,4928,Plywood,60,143750
1433,4,OldTown,968,1927,216,656,2,2007,0,BrkTil,Wd Sdng,0,10800,Wd Sdng,0,64500
1434,6,Gilbert,1792,2000,451,936,2,2000,830,PConc,VinylSd,1,10261,VinylSd,0,186500
1435,5,Mitchel,1126,1977,484,1126,2,1977,0,CBlock,BrkFace,1,17400,BrkFace,41,160000
1436,6,NAmes,1537,1962,462,1319,1,2005,0,CBlock,Wd Sdng,1,8400,Wd Sdng,36,174000
1437,4,NAmes,864,1971,528,864,1,1971,0,PConc,HdBoard,0,9000,HdBoard,0,120500
1439,6,OldTown,1236,1957,923,912,1,1996,0,CBlock,MetalSd,0,7407,MetalSd,158,149700
1440,7,NWAmes,1725,1979,550,539,2,1979,685,CBlock,HdBoard,1,11584,HdBoard,88,197000
1441,6,Crawfor,2555,1922,672,588,2,1994,748,BrkTil,MetalSd,1,11526,MetalSd,0,191000
1442,6,CollgCr,848,2004,420,848,1,2004,0,PConc,VinylSd,1,4426,VinylSd,0,149300
1443,10,Somerst,2007,2008,812,1017,2,2008,981,PConc,VinylSd,1,11003,VinylSd,52,310000
1444,6,BrkSide,952,1916,192,952,1,1950,0,BrkTil,Wd Sdng,1,8854,Wd Sdng,98,121000
1445,7,CollgCr,1422,2004,626,1422,2,2004,0,PConc,VinylSd,0,8500,VinylSd,60,179600
1446,6,Sawyer,913,1966,240,814,1,1966,0,CBlock,VinylSd,0,8400,VinylSd,0,129000
1447,5,Mitchel,1188,1962,312,1188,1,1962,0,CBlock,HdBoard,0,26142,HdBoard,39,157900
1448,8,CollgCr,2090,1995,556,1220,2,1996,870,PConc,VinylSd,1,10000,VinylSd,65,240000
1449,4,Edwards,1346,1910,384,560,1,2000,550,CBlock,HdBoard,0,11767,MetalSd,24,112000
1450,5,MeadowV,630,1970,0,630,1,1970,0,CBlock,CmentBd,0,1533,CemntBd,0,92000
1451,5,NAmes,1792,1974,0,896,2,1974,896,CBlock,VinylSd,0,9000,VinylSd,45,136000
1452,8,Somerst,1578,2008,840,1573,2,2009,0,PConc,CmentBd,1,9262,CemntBd,36,287090
1453,5,Edwards,1072,2005,525,547,1,2005,0,PConc,VinylSd,0,3675,VinylSd,28,145000
1454,5,Mitchel,1140,2006,0,1140,1,2006,0,PConc,VinylSd,0,17217,VinylSd,56,84500
1455,7,Somerst,1221,2004,400,1221,2,2005,0,PConc,VinylSd,0,7500,VinylSd,113,185000
1456,6,Gilbert,1647,1999,460,953,2,2000,694,PConc,VinylSd,1,7917,VinylSd,40,175000
1459,5,NAmes,1078,1950,240,1078,1,1996,0,CBlock,MetalSd,0,9717,MetalSd,0,142125
1460,5,Edwards,1256,1965,276,1256,1,1965,0,CBlock,HdBoard,0,9937,HdBoard,68,147500
