Id,OverallQual,Neighborhood,GrLivArea,YearBuilt,GarageArea,TotalBsmtSF,FullBath,YearRemodAdd,2ndFlrSF,Foundation,Exterior2nd,LotArea,Fireplaces,OpenPorchSF,Exterior1st,SalePrice
1,7,CollgCr,1710,2003,548,856,2,2003,854,PConc,VinylSd,8450,0,61,VinylSd,208500
2,6,Veenker,1262,1976,460,1262,2,1976,0,CBlock,MetalSd,9600,1,0,MetalSd,181500
3,7,CollgCr,1786,2001,608,920,2,2002,866,PConc,VinylSd,11250,1,42,VinylSd,223500
4,7,Crawfor,1717,1915,642,756,1,1970,756,BrkTil,Wd Shng,9550,1,35,Wd Sdng,140000
5,8,NoRidge,2198,2000,836,1145,2,2000,1053,PConc,VinylSd,14260,1,84,VinylSd,250000
6,5,Mitchel,1362,1993,480,796,1,1995,566,Wood,VinylSd,14115,0,30,VinylSd,143000
7,8,Somerst,1694,2004,636,1686,2,2005,0,PConc,VinylSd,10084,1,57,VinylSd,307000
8,7,NWAmes,2090,1973,484,1107,2,1973,983,CBlock,HdBoard,10382,2,204,HdBoard,200000
9,7,OldTown,1774,1931,468,952,2,1950,752,BrkTil,Wd Shng,6120,2,0,BrkFace,129900
10,5,BrkSide,1077,1939,205,991,1,1950,0,BrkTil,MetalSd,7420,2,4,MetalSd,118000
11,5,Sawyer,1040,1965,384,1040,1,1965,0,CBlock,HdBoard,11200,0,0,HdBoard,129500
13,5,Sawyer,912,1962,352,912,1,1962,0,CBlock,Plywood,12968,0,0,HdBoard,144000
14,7,CollgCr,1494,2006,840,1494,2,2007,0,PConc,VinylSd,10652,1,33,VinylSd,279500
15,6,NAmes,1253,1960,352,1253,1,1960,0,CBlock,MetalSd,10920,1,213,MetalSd,157000
16,7,BrkSide,854,1929,576,832,1,2001,0,BrkTil,Wd Sdng,6120,0,112,Wd Sdng,132000
17,6,NAmes,1004,1970,480,1004,1,1970,0,CBlock,Wd Sdng,11241,1,0,Wd Sdng,149000
19,5,SawyerW,1114,2004,576,1114,1,2004,0,PConc,VinylSd,13695,0,102,VinylSd,159000
20,5,NAmes,1339,1958,294,1029,1,1965,0,CBlock,Plywood,7560,0,0,BrkFace,139000
21,8,NridgHt,2376,2005,853,1158,3,2006,1218,PConc,VinylSd,14215,1,154,VinylSd,325300
22,7,IDOTRR,1108,1930,280,637,1,1950,0,PConc,Wd Sdng,7449,1,0,Wd Sdng,139400
23,8,CollgCr,1795,2002,534,1777,2,2002,0,PConc,VinylSd,9742,1,159,VinylSd,230000
24,5,MeadowV,1060,1976,572,1040,1,1976,0,PConc,CmentBd,4224,1,110,CemntBd,129900
25,5,Sawyer,1060,1968,270,1060,1,2001,0,CBlock,Plywood,8246,1,90,Plywood,154000
26,8,NridgHt,1600,2007,890,1566,2,2007,0,PConc,VinylSd,14230,1,56,VinylSd,256300
27,5,NAmes,900,1951,576,900,1,2000,0,CBlock,Wd Sdng,7200,0,32,Wd Sdng,134800
28,8,NridgHt,1704,2007,772,1704,2,2008,0,PConc,VinylSd,11478,1,50,VinylSd,306000
30,4,BrkSide,520,1927,240,520,1,1950,0,BrkTil,MetalSd,6324,0,0,MetalSd,68500
32,5,Sawyer,1228,1966,271,1228,1,2006,0,CBlock,HdBoard,8544,0,65,HdBoard,149350
33,8,CollgCr,1234,2007,484,1234,2,2007,0,PConc,VinylSd,11049,0,30,VinylSd,179900
34,5,NAmes,1700,1959,447,1398,1,1959,0,CBlock,BrkFace,10552,1,38,BrkFace,165500
36,8,NridgHt,2452,2004,691,1117,3,2005,1320,PConc,VinylSd,13418,1,32,VinylSd,309000
37,5,CollgCr,1097,1994,672,1097,1,1995,0,PConc,VinylSd,10859,0,64,VinylSd,145000
38,5,NAmes,1297,1954,498,1297,1,1990,0,CBlock,Wd Sdng,8532,1,0,Wd Sdng,153000
39,5,NAmes,1057,1953,246,1057,1,2007,0,CBlock,VinylSd,7922,0,52,VinylSd,109000
41,6,NAmes,1324,1965,440,1088,2,1965,0,CBlock,Wd Sdng,8658,1,138,Wd Sdng,160000
42,5,Timber,1328,1959,308,1350,1,1959,0,CBlock,VinylSd,16905,2,104,VinylSd,170000
43,5,SawyerW,884,1983,504,840,1,1983,0,CBlock,HdBoard,9180,0,0,HdBoard,144000
44,5,CollgCr,938,1975,308,938,1,1980,0,CBlock,VinylSd,9200,0,0,VinylSd,130250
45,5,NAmes,1150,1959,300,1150,1,1959,0,CBlock,Wd Sdng,7945,0,0,BrkFace,141000
49,4,OldTown,1452,1920,0,736,2,2008,716,BrkTil,MetalSd,4456,0,0,MetalSd,113000
50,5,Sawyer,955,1966,386,955,1,1966,0,CBlock,HdBoard,7742,0,0,HdBoard,127000
51,6,Gilbert,1470,1997,388,794,2,1997,676,PConc,VinylSd,13869,0,75,VinylSd,177000
52,6,BrkSide,1176,1934,528,816,1,1950,0,PConc,Wd Sdng,6240,1,0,Wd Sdng,114500
55,5,NAmes,1360,1955,572,384,1,1955,0,CBlock,MetalSd,7134,1,50,MetalSd,130000
56,6,NAmes,1425,1964,576,1425,2,1964,0,CBlock,Plywood,10175,1,0,HdBoard,180500
57,8,Somerst,1739,1999,480,970,2,2000,756,PConc,MetalSd,2645,0,0,MetalSd,172500
58,7,CollgCr,1720,2004,565,860,2,2004,860,PConc,VinylSd,11645,0,70,VinylSd,196500
60,5,CollgCr,780,1972,352,780,1,1972,0,CBlock,HdBoard,7200,0,0,HdBoard,124900
61,6,SawyerW,1158,2004,576,1158,1,2004,0,PConc,VinylSd,13072,0,50,VinylSd,158000
62,5,IDOTRR,1111,1920,288,530,1,1996,530,BrkTil,MetalSd,7200,0,0,MetalSd,101000
63,8,NridgHt,1370,2006,484,1370,2,2006,0,PConc,VinylSd,6442,1,49,VinylSd,202500
64,7,OldTown,1710,1921,480,576,2,1950,808,BrkTil,Stucco,10300,0,11,Stucco,140000
65,7,CollgCr,2034,1997,645,1057,2,1998,977,PConc,VinylSd,9375,0,36,VinylSd,219500
66,8,NridgHt,2473,2004,852,1143,2,2005,1330,PConc,VinylSd,9591,1,151,VinylSd,317000
67,7,NAmes,2207,1970,576,1947,2,1989,0,CBlock,Plywood,19900,1,0,Plywood,180000
68,7,CollgCr,1479,2003,558,1453,2,2003,0,PConc,VinylSd,10665,0,29,VinylSd,226000
69,4,OldTown,747,1945,220,747,1,1950,0,CBlock,MetalSd,4608,0,0,MetalSd,80000
72,4,Mitchel,845,1982,360,845,1,2006,0,CBlock,Plywood,7599,0,0,HdBoard,129500
73,7,Gilbert,1718,1998,427,832,2,1998,833,PConc,VinylSd,10141,1,94,VinylSd,185000
74,5,NAmes,1086,1954,490,1086,1,2003,0,CBlock,Wd Sdng,10200,0,0,Wd Sdng,144900
75,3,OldTown,1605,1915,379,840,2,1950,765,CBlock,VinylSd,5790,0,0,VinylSd,107400
76,4,MeadowV,988,1973,297,462,1,1973,462,CBlock,CmentBd,1596,0,101,CemntBd,91000
77,4,NAmes,952,1956,283,952,1,1956,0,CBlock,VinylSd,8475,0,0,VinylSd,135750
78,5,BrkSide,1285,1948,240,672,1,2001,213,CBlock,Wd Sdng,8635,0,0,Wd Sdng,127000
79,4,Sawyer,1768,1968,0,1768,2,1968,0,CBlock,HdBoard,10778,0,0,HdBoard,136500
81,6,NAmes,2142,1968,509,896,2,1968,960,CBlock,VinylSd,13000,1,72,VinylSd,193500
82,6,Mitchel,1337,1998,405,1237,2,1998,0,PConc,VinylSd,4500,0,199,VinylSd,153500
83,8,Somerst,1563,2007,758,1563,2,2007,0,PConc,VinylSd,10206,1,99,VinylSd,245000
84,5,NAmes,1065,1960,461,1065,1,1960,0,CBlock,MetalSd,8892,0,0,MetalSd,126500
85,7,Gilbert,1474,1995,400,384,2,1996,670,PConc,HdBoard,8530,1,72,HdBoard,168500
87,6,Gilbert,1560,2005,400,684,2,2005,876,PConc,VinylSd,11911,1,38,VinylSd,174000
88,6,Somerst,1224,2009,528,612,2,2009,612,PConc,VinylSd,3951,0,234,VinylSd,164500
89,3,IDOTRR,1526,1915,0,1013,1,1982,0,CBlock,Plywood,8470,0,0,Plywood,85000
90,4,CollgCr,990,1994,0,990,1,1995,0,PConc,VinylSd,8070,0,0,VinylSd,123600
91,4,NAmes,1040,1950,420,0,1,1950,0,Slab,Wd Sdng,7200,0,29,BrkFace,109900
93,5,Crawfor,964,1921,432,876,1,2006,0,BrkTil,Wd Sdng,13360,0,0,Wd Sdng,163500
94,6,OldTown,2291,1910,506,1214,2,1998,1031,BrkTil,MetalSd,7200,1,0,MetalSd,133900
95,6,CollgCr,1786,1997,684,824,2,1997,881,PConc,VinylSd,9337,0,162,VinylSd,204750
96,6,Gilbert,1470,1993,420,680,2,1993,790,PConc,VinylSd,9765,1,63,VinylSd,185000
97,7,CollgCr,1588,1999,472,1588,2,1999,0,PConc,VinylSd,10264,0,29,VinylSd,214000
99,5,Edwards,835,1920,366,458,1,1950,0,BrkTil,Wd Sdng,10625,0,0,Wd Sdng,83000
100,4,NAmes,1225,1959,0,950,1,1959,0,CBlock,Plywood,9320,0,0,Plywood,128950
101,6,NWAmes,1610,1977,480,1610,2,2001,0,PConc,Plywood,10603,2,68,Plywood,205000
102,6,SawyerW,1732,1985,476,741,2,1985,755,CBlock,HdBoard,9206,1,46,HdBoard,178000
103,5,SawyerW,1535,1979,410,0,2,1979,0,Slab,HdBoard,7018,0,0,HdBoard,118964
104,7,CollgCr,1226,2009,740,1226,2,2009,0,PConc,VinylSd,10402,0,36,VinylSd,198900
105,7,IDOTRR,1818,1931,240,1040,1,1950,592,PConc,Stucco,7758,2,0,Stucco,169500
106,8,Somerst,1992,2003,648,1053,2,2004,939,PConc,VinylSd,9375,1,45,VinylSd,250000
107,4,OldTown,1047,1885,273,641,1,1995,0,BrkTil,VinylSd,10800,0,0,VinylSd,100000
108,5,OldTown,789,1948,250,789,1,1950,0,CBlock,VinylSd,6000,0,0,VinylSd,115000
109,5,IDOTRR,1517,1919,0,793,2,2005,520,CBlock,CmentBd,8500,0,0,CemntBd,115000
110,6,NWAmes,1844,1977,546,1844,2,1977,0,CBlock,Plywood,11751,1,122,Plywood,190000
111,6,Edwards,1855,1954,325,994,2,1972,639,CBlock,Wd Sdng,9525,0,0,Wd Sdng,136900
112,7,Gilbert,1430,2000,400,384,2,2000,656,PConc,VinylSd,7750,1,0,VinylSd,180000
114,6,Crawfor,2259,1953,450,1809,2,1953,0,CBlock,Wd Sdng,21000,2,120,Wd Sdng,217000
116,6,Somerst,1458,1999,440,729,2,1999,729,PConc,MetalSd,3230,1,32,MetalSd,176000
117,5,Sawyer,1092,1962,288,1092,1,1962,0,CBlock,Wd Sdng,11616,1,20,Wd Sdng,139000
118,5,Edwards,1125,2006,430,1125,1,2007,0,PConc,VinylSd,8536,0,64,VinylSd,155000
120,6,CollgCr,1456,2005,390,728,2,2006,728,PConc,VinylSd,8461,1,24,VinylSd,163990
121,6,ClearCr,988,1969,540,938,1,1969,0,CBlock,Plywood,21453,2,130,Plywood,180000
122,4,IDOTRR,1123,1939,264,732,1,1950,351,PConc,AsbShng,6060,0,0,AsbShng,100000
123,6,NAmes,1080,1958,288,1080,1,1958,0,CBlock,MetalSd,9464,0,0,MetalSd,136000
124,6,SawyerW,1199,1993,530,1199,2,1993,0,PConc,Plywood,7892,0,63,Plywood,153900
125,6,NWAmes,1586,1979,435,1362,2,1998,0,CBlock,HdBoard,17043,1,0,HdBoard,181000
126,6,IDOTRR,754,1935,0,520,1,1982,0,CBlock,Wd Sdng,6780,0,0,Wd Sdng,84500
127,6,NPkVill,958,1976,440,1078,2,1976,0,CBlock,Plywood,4928,1,205,Plywood,128000
128,5,OldTown,840,1930,0,672,1,1950,0,BrkTil,Wd Sdng,4388,1,0,WdShing,87000
129,6,NAmes,1348,1966,453,660,1,1966,688,CBlock,VinylSd,7590,1,108,VinylSd,155000
130,5,NAmes,1053,1958,750,1008,1,1991,0,CBlock,Plywood,8973,0,80,Plywood,150000
133,5,NAmes,1327,1959,624,1063,1,2002,0,CBlock,MetalSd,7388,0,0,MetalSd,150750
134,8,Timber,1296,2001,471,1267,2,2002,0,PConc,VinylSd,6853,0,25,VinylSd,220000
135,5,Sawyer,1721,1968,440,1461,2,1993,0,CBlock,Plywood,10335,1,96,Plywood,180000
136,7,NWAmes,1682,1970,530,1304,2,1970,0,PConc,Plywood,10400,1,0,Plywood,174000
137,5,NAmes,1214,1967,318,1214,2,1967,0,CBlock,MetalSd,10355,1,111,MetalSd,143000
138,7,Mitchel,1959,1988,766,1907,3,1989,0,CBlock,VinylSd,11070,0,0,VinylSd,171000
139,8,CollgCr,1852,1999,660,1004,2,2000,848,PConc,VinylSd,9066,2,106,VinylSd,230000
140,6,CollgCr,1764,1997,470,928,2,1997,836,PConc,VinylSd,15426,0,99,VinylSd,231500
141,4,NAmes,864,1971,0,864,1,1971,0,CBlock,HdBoard,10500,1,0,HdBoard,115000
143,5,NAmes,1385,1952,720,910,2,1952,475,CBlock,Wd Sdng,8520,0,0,BrkFace,166000
144,7,CollgCr,1501,1999,577,1490,2,1999,0,PConc,VinylSd,10335,0,29,VinylSd,204000
145,5,Sawyer,1728,1963,504,1728,2,1963,0,CBlock,HdBoard,9100,0,0,HdBoard,125000
146,6,Edwards,1709,2004,380,970,2,2006,739,PConc,VinylSd,2522,0,40,VinylSd,130000
147,5,BrkSide,875,1931,180,715,1,1993,0,BrkTil,Wd Sdng,6120,0,0,Wd Sdng,105000
148,7,Gilbert,2035,2001,434,884,2,2001,1151,PConc,VinylSd,9505,1,48,VinylSd,222500
149,7,SawyerW,1080,2004,0,1080,1,2005,0,PConc,VinylSd,7500,0,0,VinylSd,141000
150,5,BrkSide,1344,1936,240,896,1,1950,448,BrkTil,MetalSd,6240,0,114,MetalSd,115000
151,5,CollgCr,969,1975,440,969,1,1975,0,CBlock,HdBoard,10356,0,0,HdBoard,122000
153,6,NWAmes,1993,1971,495,825,2,1971,896,CBlock,HdBoard,14803,1,66,HdBoard,190000
155,6,OldTown,1200,1923,312,1200,1,1950,0,BrkTil,Wd Sdng,11340,0,0,Wd Sdng,125000
157,5,NAmes,1040,1950,625,0,1,1950,0,CBlock,Wd Sdng,7200,0,0,Wd Sdng,109500
158,8,Timber,1968,2009,680,774,2,2010,1194,PConc,VinylSd,12003,1,75,VinylSd,269500
159,7,Somerst,1947,2004,678,991,2,2005,956,PConc,VinylSd,12552,1,136,VinylSd,254900
161,6,Veenker,1232,1984,516,1232,2,1984,0,PConc,Plywood,11120,0,0,Plywood,162500
163,7,NridgHt,1541,2005,532,1541,2,2005,0,PConc,VinylSd,12182,1,70,VinylSd,220000
166,5,Edwards,1355,1940,0,644,2,1999,547,BrkTil,Wd Sdng,10106,0,0,Wd Sdng,127500
169,7,Gilbert,1720,2004,440,840,2,2004,880,PConc,VinylSd,8244,1,48,VinylSd,183500
170,8,Timber,1707,1981,511,1686,2,1981,0,CBlock,Plywood,16669,1,64,Plywood,228000
171,5,OldTown,1382,1941,660,720,1,1950,0,CBlock,MetalSd,12358,0,0,MetalSd,128500
173,7,StoneBr,1767,1987,504,1064,2,1987,703,PConc,HdBoard,5306,1,35,HdBoard,239000
175,6,Timber,1651,1986,616,1606,2,1986,0,CBlock,Plywood,12416,1,0,VinylSd,184000
177,6,ClearCr,2060,1988,521,1151,2,1989,896,PConc,Plywood,10029,1,228,Plywood,211000
178,5,Sawyer,1920,1958,451,1052,2,1958,668,CBlock,MetalSd,13650,1,0,MetalSd,172500
180,5,OldTown,968,1923,480,968,1,2006,0,CBlock,Wd Sdng,8520,0,0,Wd Sdng,100000
181,6,Somerst,1525,2000,440,756,2,2000,756,PConc,MetalSd,2117,1,0,MetalSd,177000
183,5,Edwards,1340,1957,252,0,1,2006,0,PConc,Wd Sdng,9060,1,0,Wd Sdng,120000
187,7,Mitchel,1217,1990,497,1188,2,1991,0,PConc,HdBoard,9947,0,27,HdBoard,173000
188,5,OldTown,1656,1916,180,660,2,1987,704,CBlock,HdBoard,10410,0,0,HdBoard,135000
189,5,SawyerW,1224,1979,528,1086,0,1979,0,CBlock,Plywood,7018,2,0,Plywood,153337
192,7,NAmes,1479,1972,484,725,1,2004,754,CBlock,HdBoard,7472,0,32,HdBoard,184000
193,7,CollgCr,1431,1999,666,1431,2,1999,0,PConc,VinylSd,9017,0,35,VinylSd,192000
194,7,Edwards,1709,2004,380,970,2,2004,739,PConc,VinylSd,2522,0,40,VinylSd,130000
195,5,CollgCr,864,1972,352,864,1,1972,0,CBlock,HdBoard,7180,0,0,HdBoard,127000
196,6,NPkVill,1456,1976,440,855,2,1976,601,CBlock,Brk Cmn,2280,1,0,Plywood,148500
199,6,OldTown,2229,1912,0,755,1,1950,929,CBlock,Wd Sdng,5520,0,198,Wd Sdng,104000
200,8,NridgHt,1713,2004,856,1713,2,2005,0,PConc,VinylSd,9591,1,26,VinylSd,274900
201,4,Edwards,1121,2003,440,1121,2,2004,0,PConc,VinylSd,8546,0,64,VinylSd,140000
202,6,Mitchel,1279,1977,473,1196,2,1977,0,CBlock,Plywood,10125,2,83,Plywood,171500
203,6,OldTown,1310,1924,398,617,2,1950,445,BrkTil,MetalSd,7000,0,0,MetalSd,112000
204,6,CollgCr,848,2004,420,848,1,2004,0,PConc,VinylSd,4438,1,0,VinylSd,149000
205,5,OldTown,1284,1947,240,720,1,1950,564,CBlock,AsbShng,3500,0,35,AsbShng,110000
206,7,Gilbert,1442,1990,500,1424,2,1990,0,PConc,HdBoard,11851,0,34,HdBoard,180500
207,5,Sawyer,1696,1962,349,1140,1,1962,0,CBlock,HdBoard,13673,1,30,HdBoard,143900
208,4,NAmes,1100,1960,312,1100,1,1960,0,PConc,Wd Sdng,12493,1,0,Wd Sdng,141000
210,6,NAmes,1092,1964,504,1092,1,1964,0,CBlock,HdBoard,8250,0,0,HdBoard,145000
211,5,Edwards,864,1925,0,864,1,1950,0,CBlock,Stucco,5604,0,0,Stucco,98000
212,6,Edwards,1212,2009,460,1212,2,2009,0,PConc,VinylSd,10420,0,22,VinylSd,186000
213,7,Somerst,1852,2009,644,900,2,2009,920,PConc,VinylSd,8640,1,108,VinylSd,252678
214,5,CollgCr,990,1995,576,990,1,1995,0,PConc,VinylSd,13568,0,0,VinylSd,156000
215,6,CollgCr,1392,1977,299,689,1,1977,703,CBlock,HdBoard,10900,0,36,HdBoard,161750
216,5,NAmes,1236,1957,447,1070,1,1996,0,CBlock,HdBoard,10011,1,0,HdBoard,134450
217,7,CollgCr,1436,2004,484,1436,2,2004,0,PConc,VinylSd,8450,0,98,VinylSd,210000
218,4,OldTown,1328,1925,210,686,1,1950,518,CBlock,MetalSd,9906,0,172,MetalSd,107000
220,7,Blmngtn,1248,2005,438,1248,2,2006,0,PConc,VinylSd,3010,0,0,VinylSd,167240
221,7,CollgCr,1498,2006,675,1498,2,2006,0,PConc,VinylSd,8990,0,33,VinylSd,204900
222,6,Gilbert,2267,2002,390,1010,2,2002,1257,PConc,VinylSd,8068,1,46,VinylSd,200000
223,6,NWAmes,1552,1975,434,713,2,1975,741,CBlock,VinylSd,11475,1,208,VinylSd,179900
224,4,NAmes,864,1971,576,864,1,1971,0,CBlock,HdBoard,10500,0,0,HdBoard,97000
226,5,BrDale,1302,1971,280,630,2,1971,672,CBlock,HdBoard,1680,0,0,HdBoard,112000
227,7,NoRidge,2520,1995,721,1203,2,1995,1306,PConc,VinylSd,9950,1,114,VinylSd,290000
228,6,BrDale,987,1970,280,483,1,1970,504,CBlock,HdBoard,1869,0,0,HdBoard,106000
229,5,Sawyer,912,1967,336,912,1,1967,0,CBlock,HdBoard,8521,1,0,HdBoard,125000
230,7,Blmngtn,1555,2005,430,1373,2,2006,0,PConc,VinylSd,3182,1,20,VinylSd,192500
231,6,NAmes,1194,1959,312,1194,1,1959,0,CBlock,MetalSd,8760,0,0,MetalSd,148000
233,6,BrDale,987,1972,288,483,1,1972,504,CBlock,HdBoard,1680,1,0,HdBoard,94500
234,5,CollgCr,894,1976,308,894,1,1976,0,CBlock,HdBoard,10650,0,0,HdBoard,128200
235,6,Gilbert,1960,2002,440,860,2,2002,1100,PConc,VinylSd,7851,2,48,VinylSd,216500
236,6,BrDale,987,1971,264,483,1,1971,504,CBlock,HdBoard,1680,0,0,HdBoard,89500
237,7,CollgCr,1414,2004,494,1414,2,2004,0,PConc,VinylSd,8773,0,105,VinylSd,185500
238,7,SawyerW,1744,1993,457,996,2,2003,730,PConc,HdBoard,9453,0,70,HdBoard,194500
240,6,Edwards,1487,1945,220,735,1,1950,689,CBlock,VinylSd,8741,1,140,VinylSd,113000
242,5,OldTown,866,1945,0,686,1,1997,0,CBlock,VinylSd,3880,0,42,VinylSd,110500
243,5,OldTown,1440,1900,352,540,1,1950,551,BrkTil,Wd Sdng,5000,0,0,Wd Sdng,79000
244,6,SawyerW,1217,1980,288,626,1,1980,591,CBlock,Plywood,10762,1,28,Plywood,120000
245,7,SawyerW,2110,1994,463,948,2,2002,888,PConc,VinylSd,8880,2,130,VinylSd,205000
247,6,OldTown,1928,1910,440,1020,2,1950,1020,Stone,AsbShng,9142,0,60,AsbShng,137000
248,6,NAmes,1375,1954,451,1367,1,1954,0,CBlock,BrkFace,11310,1,30,Wd Sdng,140000
249,7,CollgCr,1668,2003,500,840,2,2003,828,PConc,VinylSd,11317,0,68,VinylSd,180000
251,3,BrkSide,1306,1940,0,728,1,1966,0,CBlock,Plywood,5350,0,0,Wd Sdng,76500
252,8,Crawfor,1625,2006,538,1573,2,2007,0,PConc,VinylSd,4750,1,0,VinylSd,235000
253,6,SawyerW,1640,2004,520,798,2,2004,842,PConc,VinylSd,8366,0,45,VinylSd,173000
254,6,NAmes,1302,1964,309,1302,2,1991,0,CBlock,HdBoard,9350,0,0,HdBoard,158000
255,5,NAmes,1314,1957,294,1314,1,1957,0,CBlock,MetalSd,8400,0,0,MetalSd,145000
256,7,Gilbert,2291,1999,429,975,2,1999,1286,PConc,VinylSd,8738,1,0,VinylSd,230000
257,6,Somerst,1728,2003,673,864,2,2003,864,PConc,VinylSd,8791,0,56,VinylSd,207500
258,7,CollgCr,1604,2006,660,1604,2,2006,0,PConc,VinylSd,8814,1,110,VinylSd,220000
259,7,CollgCr,1792,2001,564,963,2,2001,829,PConc,VinylSd,12435,1,96,VinylSd,231500
261,6,NAmes,1382,1962,884,1362,1,1962,0,CBlock,Wd Sdng,19296,1,0,Wd Sdng,176000
262,8,CollgCr,2574,2007,868,1482,2,2007,1092,PConc,CmentBd,9588,1,148,CemntBd,276000
263,6,Sawyer,1212,1977,492,506,1,1995,0,CBlock,Plywood,8471,1,12,HdBoard,151000
264,5,OldTown,1316,1929,484,926,1,2001,0,BrkTil,Wd Sdng,5500,0,0,Wd Sdng,130000
266,6,NWAmes,1422,1981,576,1422,2,1981,0,CBlock,MetalSd,12090,1,0,MetalSd,175500
267,6,Gilbert,1511,1997,413,802,2,1997,709,PConc,VinylSd,11207,1,75,VinylSd,185000
268,5,SWISU,2192,1939,240,720,2,1997,720,PConc,Wd Sdng,8400,1,24,Wd Sdng,179500
269,5,IDOTRR,778,1940,924,740,1,1955,0,CBlock,VinylSd,6900,1,25,VinylSd,120500
270,6,Edwards,1113,1976,504,1143,1,1976,0,CBlock,HdBoard,7917,1,30,HdBoard,148000
271,8,Somerst,1939,2006,1053,1095,2,2006,844,PConc,VinylSd,10728,1,51,VinylSd,266000
273,8,NoRidge,2270,1999,671,1152,2,2007,1106,PConc,VinylSd,11764,1,57,VinylSd,290000
274,6,NAmes,1632,1958,338,1240,2,1988,0,CBlock,Wd Sdng,9600,1,0,Wd Sdng,139000
275,5,Mitchel,816,1982,264,816,1,1982,0,CBlock,ImStucc,8314,0,0,HdBoard,124500
277,7,Mitchel,1560,2003,573,1560,2,2003,0,PConc,VinylSd,9196,0,150,VinylSd,201000
278,4,Gilbert,864,1951,400,864,1,1951,0,CBlock,VinylSd,19138,0,0,VinylSd,141000
280,7,ClearCr,2022,1977,505,1160,2,1977,866,CBlock,Plywood,10005,1,117,Plywood,192000
281,7,SawyerW,1982,1989,575,807,2,1989,807,CBlock,Plywood,11287,1,84,Plywood,228500
282,6,Somerst,1262,2006,572,1262,2,2006,0,PConc,VinylSd,7200,0,120,VinylSd,185000
283,7,NridgHt,1314,2007,626,1314,2,2008,0,PConc,VinylSd,5063,1,62,VinylSd,207500
284,8,Somerst,1468,2008,898,1468,2,2009,0,PConc,VinylSd,9612,1,150,VinylSd,244600
285,6,SawyerW,1575,1992,529,1575,2,1992,0,PConc,ImStucc,8012,0,0,Plywood,179200
286,7,Somerst,1250,2006,528,625,2,2007,625,PConc,MetalSd,4251,0,54,MetalSd,164700
287,6,NAmes,1734,1962,440,912,1,1981,649,CBlock,Wd Sdng,9786,1,0,Wd Sdng,159000
288,4,NAmes,858,1971,0,858,1,1971,0,CBlock,HdBoard,8125,0,0,HdBoard,88000
289,5,Sawyer,900,1967,280,882,1,1967,0,CBlock,MetalSd,9819,0,0,MetalSd,122000
290,6,BrkSide,1396,1915,384,698,1,2003,698,BrkTil,Wd Sdng,8730,0,0,Wd Sdng,153575
291,8,CollgCr,1919,2006,685,1079,2,2006,840,PConc,VinylSd,15611,1,51,VinylSd,233230
292,5,SWISU,1716,1912,0,780,2,2000,780,PConc,VinylSd,5687,0,184,VinylSd,135900
293,5,Edwards,1716,1949,281,768,1,2008,568,CBlock,Wd Sdng,11409,1,0,Wd Sdng,131000
295,6,NAmes,1644,1953,418,1416,1,1953,0,CBlock,HdBoard,9600,2,0,HdBoard,167000
296,6,Mitchel,1003,1984,588,1003,1,1984,0,CBlock,HdBoard,7937,0,0,HdBoard,142500
297,5,IDOTRR,1558,1950,282,910,1,1950,648,CBlock,Wd Sdng,13710,0,0,Wd Sdng,152000
298,7,Somerst,1950,1997,576,975,2,1998,975,PConc,VinylSd,7399,1,10,VinylSd,239000
299,6,NWAmes,1743,1968,539,702,1,1968,702,CBlock,AsphShn,11700,1,0,HdBoard,175000
300,6,Crawfor,1152,1950,300,1092,1,2004,0,CBlock,HdBoard,14000,1,36,HdBoard,158500
301,5,Crawfor,1336,1953,375,1165,1,1953,0,CBlock,MetalSd,15750,2,0,MetalSd,157000
302,8,CollgCr,2452,1998,683,1028,2,1999,1242,PConc,VinylSd,16226,1,50,VinylSd,267000
303,7,CollgCr,1541,2001,843,1541,2,2002,0,PConc,VinylSd,13704,1,81,VinylSd,205000
304,5,CollgCr,894,1972,552,894,1,1972,0,PConc,VinylSd,9800,0,0,VinylSd,149900
307,7,SawyerW,2243,1990,746,700,2,1991,1121,CBlock,Plywood,13474,1,44,HdBoard,225000
308,6,IDOTRR,1406,1920,0,319,1,1950,371,CBlock,MetalSd,7920,0,144,MetalSd,89500
309,4,Edwards,861,1940,539,861,1,1950,0,CBlock,VinylSd,12342,0,0,VinylSd,82500
311,6,Gilbert,1501,1993,420,697,2,1994,804,PConc,HdBoard,7685,1,63,HdBoard,165600
312,6,NAmes,972,1948,240,972,1,2002,0,CBlock,VinylSd,8000,1,0,VinylSd,132000
313,5,OldTown,1118,1939,410,793,1,1950,325,CBlock,MetalSd,7800,1,0,MetalSd,119900
315,7,OldTown,1641,1925,546,728,1,1990,809,BrkTil,Wd Sdng,9600,1,0,Wd Sdng,178000
316,7,Gilbert,1432,2004,432,716,2,2005,716,PConc,VinylSd,7795,1,51,VinylSd,188500
318,8,Somerst,1959,2006,1025,1088,2,2006,871,PConc,VinylSd,9000,1,46,VinylSd,270000
320,7,NWAmes,1472,1980,588,1372,2,1980,0,CBlock,Plywood,14115,2,48,Plywood,187500
324,3,OldTown,1163,1955,220,1162,1,2005,0,CBlock,VinylSd,5820,0,98,VinylSd,126175
326,5,IDOTRR,803,1941,360,720,1,1950,0,CBlock,MetalSd,5000,0,0,MetalSd,87000
328,6,NAmes,1383,1960,292,1383,1,1960,0,CBlock,Wd Sdng,11600,0,45,Wd Sdng,145250
330,5,IDOTRR,1192,1920,189,596,1,1950,596,PConc,Wd Shng,6402,0,0,Wd Sdng,78000
332,5,NAmes,1056,1958,308,1056,1,1992,0,CBlock,Wd Sdng,8176,0,0,Wd Sdng,139000
333,8,NridgHt,1629,2003,880,3206,2,2004,0,PConc,VinylSd,10655,1,0,VinylSd,284000
334,7,NridgHt,1358,2004,484,1358,2,2004,0,PConc,VinylSd,8198,1,30,VinylSd,207000
335,6,Gilbert,1638,1998,472,943,2,1998,695,PConc,VinylSd,9042,2,38,VinylSd,192000
338,7,CollgCr,1536,2002,532,1536,2,2003,0,PConc,VinylSd,9135,0,74,VinylSd,214000
339,7,NWAmes,1621,1984,440,1208,2,1998,0,CBlock,Wd Sdng,14145,0,45,Wd Sdng,202500
340,6,NAmes,1215,1958,297,1215,1,1998,0,CBlock,Wd Sdng,12400,0,0,Wd Sdng,155000
341,8,Timber,1908,2002,431,967,2,2002,915,PConc,VinylSd,14191,0,0,VinylSd,202900
342,4,SawyerW,841,1950,294,721,1,1950,0,CBlock,AsbShng,8400,0,0,Wd Sdng,82000
343,3,NAmes,1040,1949,400,0,2,1950,0,Slab,Stucco,8544,0,0,Stucco,87500
345,5,MeadowV,1112,1976,336,536,1,1976,576,CBlock,CmentBd,2592,0,0,CemntBd,85000
346,6,BrkSide,1577,1939,312,972,1,1950,605,BrkTil,MetalSd,6435,1,0,MetalSd,140200
347,6,NAmes,958,1960,301,958,1,1998,0,CBlock,MetalSd,12772,0,0,MetalSd,151500
348,6,NAmes,1478,1960,498,1478,2,1960,0,CBlock,Wd Sdng,17600,2,40,Wd Sdng,157500
349,7,NridgHt,1626,2003,474,764,2,2004,862,PConc,Wd Shng,2448,0,27,VinylSd,154000
352,7,ClearCr,1453,1986,445,1453,1,1986,0,PConc,Wd Sdng,5271,1,80,Wd Sdng,190000
353,5,Edwards,1111,1941,200,616,1,1950,495,CBlock,VinylSd,9084,0,0,VinylSd,95000
354,6,OldTown,720,1928,484,624,1,2003,0,BrkTil,VinylSd,8520,0,0,VinylSd,105900
355,6,SWISU,1595,1940,240,940,1,2000,403,CBlock,MetalSd,8400,2,0,Wd Sdng,140000
356,6,CollgCr,1200,1995,521,1200,2,1995,0,PConc,VinylSd,11249,0,26,VinylSd,177500
357,6,Gilbert,1167,1992,400,1158,2,1992,0,PConc,HdBoard,9248,0,26,HdBoard,173000
358,5,MeadowV,1142,1976,528,1142,1,1976,0,PConc,CmentBd,4224,1,90,CemntBd,134000
359,5,ClearCr,1352,1958,288,1062,1,1958,0,CBlock,ImStucc,6930,0,0,Wd Sdng,130000
360,8,NoRidge,1924,1998,592,1086,2,1998,838,PConc,VinylSd,12011,1,75,VinylSd,280000
361,6,Mitchel,912,1978,470,888,1,1978,0,CBlock,VinylSd,7540,1,0,VinylSd,156000
362,5,BrkSide,1505,1940,240,883,1,1982,517,CBlock,MetalSd,9144,0,0,MetalSd,145000
364,6,BrDale,987,1972,264,483,1,2007,504,CBlock,HdBoard,1680,0,0,HdBoard,118000
365,6,NWAmes,1574,1976,566,796,2,1976,784,PConc,HdBoard,18800,1,111,HdBoard,190000
366,5,IDOTRR,1344,1920,468,672,1,1997,672,CBlock,VinylSd,10690,0,128,VinylSd,147000
368,6,NAmes,1431,1962,296,1099,1,1962,0,CBlock,Plywood,9150,1,110,Plywood,165000
369,5,NAmes,1268,1954,244,1268,1,1954,0,PConc,HdBoard,7800,1,98,HdBoard,132000
370,5,NAmes,1287,1959,576,1063,1,2006,0,CBlock,Wd Sdng,9830,1,17,Wd Sdng,162000
371,6,Gilbert,1664,2000,460,953,2,2000,711,PConc,VinylSd,8121,1,40,VinylSd,172400
372,4,ClearCr,1588,1959,680,0,2,1959,468,CBlock,Plywood,17120,1,59,WdShing,134432
373,6,SawyerW,752,1984,264,744,1,1984,0,CBlock,Plywood,7175,0,0,Plywood,125000
374,5,NAmes,1319,1953,270,608,1,1953,0,PConc,MetalSd,10634,0,0,MetalSd,123000
375,7,CollgCr,1928,2003,434,847,2,2004,1081,PConc,VinylSd,8200,1,48,VinylSd,219500
376,1,Edwards,904,1922,0,683,0,1950,0,BrkTil,Wd Sdng,10020,0,0,Wd Sdng,61000
377,5,CollgCr,914,1996,576,870,1,1996,0,PConc,VinylSd,8846,0,0,VinylSd,148000
378,8,Somerst,2466,2004,610,1580,3,2005,886,PConc,CmentBd,11143,1,214,CemntBd,340000
380,6,Gilbert,1800,2000,463,982,2,2000,793,PConc,VinylSd,8123,1,63,VinylSd,179000
382,7,Somerst,1301,2006,572,1293,2,2006,0,PConc,VinylSd,7200,1,121,VinylSd,187750
383,7,CollgCr,1797,2006,639,939,2,2006,858,PConc,VinylSd,9245,0,53,VinylSd,213500
386,8,Blmngtn,1269,2004,430,1256,2,2005,0,PConc,VinylSd,3182,1,20,VinylSd,192000
387,5,Edwards,1184,1910,0,658,1,1996,526,PConc,VinylSd,8410,0,151,Wd Sdng,81000
388,6,Edwards,1125,1976,352,1041,1,1976,0,CBlock,MetalSd,7200,1,0,MetalSd,125000
389,7,CollgCr,1479,1999,577,1468,2,2000,0,PConc,VinylSd,9382,0,25,VinylSd,191000
391,5,Edwards,1367,1900,384,861,1,1950,406,BrkTil,MetalSd,8405,0,130,MetalSd,119000
392,6,Mitchel,1961,2001,560,804,2,2002,1157,PConc,VinylSd,12209,1,192,VinylSd,215000
393,5,NAmes,882,1959,294,0,1,1959,0,Slab,MetalSd,8339,0,0,MetalSd,106500
394,4,BrkSide,788,1941,0,788,1,1950,0,CBlock,Wd Shng,7446,2,0,WdShing,100000
395,5,OldTown,1034,1940,240,735,1,1950,299,CBlock,MetalSd,10134,0,39,MetalSd,109000
396,5,Edwards,1144,1956,596,1144,1,1956,0,CBlock,Wd Sdng,9571,0,0,Wd Sdng,129000
397,5,CollgCr,894,1972,600,894,1,1972,0,CBlock,MetalSd,7200,0,0,MetalSd,123000
398,5,NAmes,1812,1962,264,864,2,1962,936,CBlock,VinylSd,7590,1,168,VinylSd,169500
400,7,Somerst,1550,2006,438,1092,2,2007,438,PConc,CmentBd,8125,0,168,CemntBd,241000
402,7,CollgCr,1310,2005,400,1310,2,2005,0,PConc,VinylSd,8767,1,0,VinylSd,164990
403,5,Sawyer,672,1940,240,672,1,1997,0,PConc,Wd Sdng,10200,0,0,Wd Sdng,108000
404,8,NoRidge,2263,1998,420,1141,2,1998,1098,PConc,VinylSd,12090,1,123,VinylSd,258000
405,6,Gilbert,1572,1995,373,806,2,1996,766,PConc,MetalSd,10364,1,40,MetalSd,168000
406,4,Sawyer,1620,1976,490,1281,2,1993,0,CBlock,Plywood,9991,1,78,Plywood,150000
407,6,SWISU,1639,1936,240,1064,1,1950,0,BrkTil,MetalSd,10480,0,0,MetalSd,115000
408,6,Crawfor,1680,1915,308,840,2,1976,840,BrkTil,Plywood,15576,0,0,Wd Sdng,177000
409,7,NridgHt,2172,2006,947,1063,2,2006,1101,PConc,VinylSd,14154,1,62,VinylSd,280000
410,8,Somerst,2078,2007,836,1034,2,2008,1028,PConc,VinylSd,10800,1,102,VinylSd,339750
412,5,Gilbert,1056,1955,572,1056,1,1955,0,CBlock,Wd Sdng,34650,0,0,Wd Sdng,145000
413,7,Somerst,1478,2009,484,1470,2,2009,0,PConc,MetalSd,4403,1,144,MetalSd,222000
414,5,OldTown,1028,1927,360,1008,1,1950,0,CBlock,Wd Shng,8960,1,0,WdShing,115000
415,7,SawyerW,2097,1993,678,1080,2,1993,1017,PConc,VinylSd,11228,1,187,VinylSd,228000
416,7,Gilbert,1340,2007,396,1340,2,2007,0,PConc,VinylSd,8899,0,30,VinylSd,181134
417,6,Sawyer,1400,1978,440,672,1,1978,728,CBlock,HdBoard,7844,1,0,HdBoard,149500
419,5,Edwards,1134,1940,240,756,1,1950,378,BrkTil,MetalSd,8160,0,0,MetalSd,126000
420,5,NAmes,1056,1968,304,1056,1,1968,0,CBlock,VinylSd,8450,1,85,VinylSd,142000
421,7,Mitchel,1344,1997,784,1344,2,1998,0,PConc,VinylSd,7060,0,0,VinylSd,206300
422,6,NWAmes,1602,1977,529,1602,2,2000,0,CBlock,CmentBd,16635,1,0,CemntBd,215000
423,5,Mitchel,988,1954,520,988,1,1954,0,CBlock,HdBoard,21750,0,0,HdBoard,113000
425,6,NAmes,1196,1956,297,1196,1,1956,0,CBlock,Wd Sdng,9000,1,44,Wd Sdng,139000
426,7,OldTown,1389,1946,240,651,1,1992,682,CBlock,HdBoard,3378,2,0,HdBoard,135000
428,4,NAmes,907,1957,352,907,1,1957,0,CBlock,MetalSd,8593,0,0,MetalSd,109008
429,7,CollgCr,1208,2007,628,1208,2,2007,0,PConc,VinylSd,6762,0,54,VinylSd,195400
430,6,Timber,1412,1988,576,1392,2,1988,0,CBlock,HdBoard,11457,1,0,HdBoard,175000
431,6,BrDale,987,1971,264,483,1,1971,504,CBlock,HdBoard,1680,0,0,HdBoard,85400
432,6,OldTown,1198,1920,0,901,1,1998,110,BrkTil,MetalSd,5586,0,98,MetalSd,79900
433,5,BrDale,1365,1971,440,765,1,1971,600,CBlock,HdBoard,1920,0,36,HdBoard,122500
434,6,Gilbert,1604,1997,470,926,2,1998,678,PConc,VinylSd,10839,1,36,VinylSd,181000
435,4,MeadowV,630,1972,0,630,1,1972,0,CBlock,CmentBd,1890,0,0,CemntBd,81000
436,7,CollgCr,1661,1996,550,799,2,1996,834,PConc,VinylSd,10667,1,61,VinylSd,212000
437,6,OldTown,1118,1920,440,648,1,1950,384,BrkTil,Stucco,4400,0,0,Stucco,116000
438,6,BrkSide,904,1926,180,884,1,2004,0,PConc,Wd Sdng,6000,0,0,Wd Sdng,119000
440,6,Edwards,1196,1920,528,684,1,2000,512,BrkTil,Wd Sdng,12354,0,46,Wd Sdng,110000
442,4,Edwards,1440,1955,0,1440,2,1955,0,CBlock,VinylSd,12108,0,0,VinylSd,118000
443,5,BrkSide,1573,1930,360,1078,2,1992,445,PConc,MetalSd,6240,1,0,MetalSd,162900
444,7,Blmngtn,1258,2006,648,1258,2,2007,0,PConc,Wd Shng,3922,1,16,WdShing,172500
445,7,CollgCr,1908,1994,493,915,2,1995,975,PConc,VinylSd,8750,1,133,VinylSd,210000
446,6,Edwards,1689,1956,480,1436,1,1956,0,CBlock,Wd Sdng,9855,1,0,Wd Sdng,127500
447,6,NAmes,1888,1966,578,1517,2,2002,0,CBlock,Plywood,16492,1,0,BrkFace,190000
448,7,Gilbert,1886,1998,431,930,2,1999,930,PConc,VinylSd,11214,1,0,VinylSd,199900
449,6,IDOTRR,1376,1937,198,780,2,1950,596,BrkTil,MetalSd,8600,1,0,MetalSd,119500
450,3,OldTown,1183,1948,308,649,1,2002,504,CBlock,MetalSd,6000,0,176,MetalSd,120000
451,6,OldTown,813,1930,270,813,1,2005,0,BrkTil,Wd Sdng,5684,0,113,Wd Sdng,110000
453,6,Timber,1756,1996,422,872,2,1997,868,PConc,VinylSd,9303,0,122,VinylSd,204000
454,8,Somerst,1590,2008,676,768,2,2008,804,PConc,VinylSd,9000,0,30,VinylSd,210000
456,7,NWAmes,1242,1973,528,1242,1,1973,0,CBlock,HdBoard,9600,1,0,HdBoard,175500
457,5,OldTown,1344,1916,513,624,1,1950,720,BrkTil,AsbShng,4571,0,0,AsbShng,98000
459,8,OldTown,1666,1925,228,588,1,1996,833,PConc,Wd Shng,5100,1,63,Stucco,161000
460,5,BrkSide,1203,1950,352,709,1,1950,224,CBlock,MetalSd,7015,1,0,MetalSd,110000
462,7,SWISU,1135,1936,576,560,1,2007,560,PConc,Wd Sdng,7200,0,0,Wd Sdng,155000
464,6,Crawfor,1660,1934,240,715,1,1995,811,CBlock,Stucco,11988,1,0,Stucco,188700
465,5,CollgCr,1040,1978,0,1040,2,1978,0,CBlock,HdBoard,8430,0,0,HdBoard,124000
466,7,Blmngtn,1414,2004,398,1375,2,2004,0,PConc,VinylSd,3072,1,20,VinylSd,178740
467,7,NAmes,1277,1970,526,1277,1,1970,0,CBlock,Plywood,10628,1,0,Plywood,167000
468,5,NAmes,1644,1942,312,728,1,1995,756,CBlock,MetalSd,9480,2,0,MetalSd,146500
469,8,NridgHt,1634,2006,866,1626,2,2006,0,PConc,VinylSd,11428,1,44,VinylSd,250000
470,6,SawyerW,1710,1993,506,832,2,1993,878,PConc,HdBoard,9291,0,70,HdBoard,187000
472,7,NWAmes,1969,1977,534,808,2,1977,808,CBlock,Plywood,11952,1,0,WdShing,190000
473,6,Edwards,1072,2005,525,547,1,2005,0,PConc,VinylSd,3675,0,28,VinylSd,148000
476,5,Sawyer,970,1963,624,970,1,1963,0,CBlock,HdBoard,8480,0,24,HdBoard,132500
477,6,CollgCr,1493,1997,508,1478,2,1998,0,PConc,VinylSd,13125,1,39,VinylSd,208900
479,8,CollgCr,1718,2007,826,1705,2,2008,0,PConc,VinylSd,10637,1,44,VinylSd,297000
480,4,OldTown,1131,1937,672,907,1,2000,0,BrkTil,Stucco,5925,0,72,Stucco,89471
481,9,NridgHt,1850,2004,772,1833,2,2005,0,PConc,VinylSd,16033,1,112,VinylSd,326000
483,7,OldTown,1826,1915,164,910,1,2005,910,PConc,Stucco,2500,1,0,Stucco,155000
484,6,Mitchel,1216,1998,402,1216,2,1998,0,PConc,VinylSd,4500,0,125,VinylSd,164000
485,5,Sawyer,999,1962,264,999,1,2001,0,CBlock,Plywood,7758,0,132,HdBoard,132500
486,5,NAmes,1113,1950,264,1113,1,2007,0,CBlock,MetalSd,9600,1,80,MetalSd,147000
487,5,NAmes,1073,1965,515,1073,1,1965,0,CBlock,MetalSd,10289,0,0,MetalSd,156000
488,5,NWAmes,1484,1971,487,1484,2,1971,0,CBlock,Plywood,12243,1,0,Plywood,175000
489,5,OldTown,2414,1900,520,954,2,1970,648,CBlock,Wd Sdng,10800,1,0,Wd Sdng,160000
490,4,MeadowV,630,1970,286,630,1,2002,0,CBlock,CmentBd,1526,0,0,CemntBd,86000
491,5,MeadowV,1304,1976,336,264,1,1976,688,PConc,CmentBd,2665,1,24,CemntBd,115000
492,6,NAmes,1578,1941,240,806,1,1950,620,CBlock,Wd Sdng,9490,2,0,Wd Sdng,133000
493,6,Gilbert,1456,2006,429,728,2,2006,728,PConc,VinylSd,15578,0,0,VinylSd,172785
494,5,NAmes,1269,1960,308,1269,1,1960,0,CBlock,Wd Sdng,7931,1,0,BrkFace,155000
495,5,OldTown,886,1938,273,190,1,1996,0,BrkTil,MetalSd,5784,0,20,MetalSd,91300
498,7,BrkSide,1820,1925,240,1026,2,1950,687,PConc,Wd Sdng,9120,0,100,Wd Sdng,184000
499,5,Sawyer,899,1967,288,864,1,2004,0,PConc,HdBoard,7800,0,0,HdBoard,130000
500,5,NAmes,912,1958,297,912,1,1985,0,CBlock,MetalSd,7535,0,285,MetalSd,120000
501,6,BrDale,1218,1973,264,672,1,1973,546,CBlock,HdBoard,1890,0,28,HdBoard,113000
502,7,Somerst,1768,2005,603,866,2,2005,902,PConc,VinylSd,9803,0,108,VinylSd,226700
503,5,Edwards,1214,1965,461,1214,1,1965,0,CBlock,MetalSd,9170,0,0,MetalSd,140000
505,6,NPkVill,1322,1974,440,855,2,1974,467,CBlock,Brk Cmn,2308,1,0,Plywood,147000
506,5,OldTown,1960,1952,400,960,2,1952,1000,CBlock,Wd Sdng,7596,0,0,Wd Sdng,124500
507,8,SawyerW,1911,1993,471,777,2,1994,846,PConc,VinylSd,9554,1,81,VinylSd,215000
508,6,Somerst,1218,2009,676,1218,2,2009,0,PConc,VinylSd,7862,0,102,VinylSd,208300
509,7,OldTown,1378,1928,360,689,2,2005,689,BrkTil,MetalSd,9600,1,0,MetalSd,161000
510,5,NAmes,1041,1959,270,1041,1,1959,0,CBlock,MetalSd,9600,0,88,MetalSd,124500
512,7,NridgHt,1368,2005,474,1368,2,2006,0,PConc,VinylSd,6792,1,35,VinylSd,202665
513,5,NAmes,864,1958,624,864,1,1958,0,CBlock,VinylSd,9100,0,0,VinylSd,129900
514,6,Mitchel,1080,1983,484,1084,1,1983,0,PConc,VinylSd,9187,0,0,VinylSd,134000
515,5,Crawfor,789,1926,200,768,1,1950,0,BrkTil,Wd Sdng,10594,0,0,Wd Sdng,96500
517,6,NWAmes,2119,1972,583,689,2,1972,741,CBlock,HdBoard,10448,1,104,HdBoard,158000
518,7,NoRidge,2344,1996,889,1264,2,1997,1067,PConc,VinylSd,10208,1,0,VinylSd,265000
519,6,CollgCr,1796,1998,546,794,2,1998,914,PConc,VinylSd,9531,0,36,VinylSd,211000
521,4,OldTown,1294,1900,0,0,2,2000,600,BrkTil,MetalSd,10800,0,114,MetalSd,106250
522,6,NAmes,1244,1957,336,1244,1,1957,0,CBlock,VinylSd,11988,2,40,VinylSd,150000
526,7,Somerst,1266,2005,453,1257,2,2005,0,PConc,VinylSd,7500,1,144,VinylSd,176000
527,5,NAmes,928,1956,252,928,1,2000,0,CBlock,Wd Sdng,13300,0,0,Wd Sdng,132000
529,4,Edwards,605,1920,0,528,1,2002,0,BrkTil,Wd Sdng,9098,0,0,Wd Sdng,86000
530,6,Crawfor,2515,1957,484,2035,3,1975,0,PConc,Stone,32668,2,0,Wd Sdng,200624
531,6,Timber,1509,1988,600,1461,2,1989,0,CBlock,HdBoard,10200,1,0,HdBoard,175000
532,6,BrkSide,1362,1920,502,611,2,1999,611,BrkTil,Wd Sdng,6155,0,0,Wd Sdng,128000
533,5,NAmes,827,1955,392,0,1,2007,0,Slab,VinylSd,7200,1,0,VinylSd,107500
535,8,Gilbert,1414,2004,403,707,2,2004,707,PConc,VinylSd,9056,1,35,VinylSd,178000
536,5,Edwards,1347,1910,0,1117,1,1991,527,CBlock,MetalSd,7000,0,0,MetalSd,107500
537,7,CollgCr,1724,1998,527,880,2,1999,844,PConc,VinylSd,8924,0,155,VinylSd,188000
538,4,NAmes,864,1972,576,864,1,1972,0,CBlock,MetalSd,12735,0,0,MetalSd,111250
539,5,Sawyer,1159,1968,336,1051,1,1968,0,CBlock,Plywood,11553,1,0,Plywood,158000
540,8,CollgCr,1601,2001,670,1581,2,2002,0,PConc,VinylSd,11423,1,0,VinylSd,272000
541,9,Timber,1838,2006,765,1838,2,2006,0,PConc,VinylSd,14601,1,68,VinylSd,315000
542,8,NoRidge,2285,2000,648,969,2,2000,1288,PConc,VinylSd,11000,1,56,VinylSd,248000
543,7,NWAmes,1680,1998,583,1650,2,1999,0,PConc,VinylSd,10140,1,73,VinylSd,213250
544,7,NAmes,767,1998,367,723,1,1998,0,PConc,MetalSd,4058,0,40,MetalSd,133000
545,7,Gilbert,1496,2006,426,654,2,2006,832,PConc,VinylSd,17104,1,24,VinylSd,179665
546,7,NWAmes,2183,1988,786,1204,2,1988,806,PConc,HdBoard,13837,0,0,HdBoard,229000
548,5,Mitchel,768,1970,624,768,1,1970,0,CBlock,VinylSd,7244,0,0,VinylSd,129500
549,5,OldTown,825,1955,720,825,1,1995,0,CBlock,MetalSd,8235,0,50,MetalSd,125000
550,7,Somerst,2094,2003,615,912,2,2004,1182,PConc,VinylSd,9375,1,182,VinylSd,263000
551,6,NPkVill,1069,1977,440,1069,2,1977,0,CBlock,Plywood,4043,0,55,Plywood,140000
552,5,OldTown,928,1957,288,928,1,1957,0,CBlock,BrkFace,6000,0,0,BrkFace,112500
553,8,NridgHt,1717,2006,908,1709,2,2006,0,PConc,VinylSd,11146,1,39,VinylSd,255500
554,4,Edwards,1126,1949,520,0,2,2003,0,CBlock,VinylSd,8777,0,96,VinylSd,108000
555,7,NridgHt,2046,2003,871,998,2,2004,1040,PConc,VinylSd,10625,1,62,VinylSd,284000
556,5,BrkSide,1048,1922,280,993,1,1950,0,BrkTil,MetalSd,6380,1,0,MetalSd,113000
557,5,NAmes,1092,1957,299,1092,1,1957,0,CBlock,Wd Sdng,14850,1,0,Wd Sdng,141000
558,4,IDOTRR,1336,1920,570,637,1,1950,439,CBlock,MetalSd,11040,0,47,MetalSd,108000
559,7,Gilbert,1446,1996,406,729,2,1997,717,PConc,HdBoard,21872,1,22,HdBoard,175000
560,7,Blmngtn,1557,2003,420,1374,2,2004,0,PConc,VinylSd,3196,1,20,VinylSd,234000
561,5,Sawyer,1392,1957,528,1392,1,1996,0,CBlock,Wd Sdng,11341,1,0,Wd Sdng,121500
562,5,Mitchel,1389,1974,418,1389,1,1975,0,CBlock,HdBoard,10010,1,38,HdBoard,170000
563,5,Edwards,996,1940,0,996,1,1969,0,CBlock,Wd Shng,13907,1,0,WdShing,108000
564,6,Edwards,1674,1918,396,1163,2,1950,511,BrkTil,Wd Sdng,21780,1,36,Wd Sdng,185000
566,6,SWISU,1647,1915,216,806,1,1950,806,PConc,Wd Sdng,6858,0,66,Wd Sdng,128000
567,9,StoneBr,2504,2005,656,1122,2,2007,1370,PConc,VinylSd,11198,1,39,VinylSd,325000
568,7,NridgHt,1535,2004,532,1517,2,2004,0,PConc,VinylSd,10171,0,0,VinylSd,214000
570,5,NAmes,943,1979,600,943,1,1979,0,CBlock,MetalSd,7032,2,0,MetalSd,135960
571,5,NAmes,1728,1965,576,1728,2,1965,0,CBlock,HdBoard,13101,0,0,HdBoard,142600
572,6,NAmes,864,1959,288,864,1,1959,0,CBlock,Wd Shng,7332,0,0,WdShing,120000
573,7,Timber,1692,2009,650,846,2,2009,846,PConc,VinylSd,13159,0,114,VinylSd,224500
574,7,Gilbert,1430,2000,400,384,2,2000,656,PConc,VinylSd,9967,1,0,VinylSd,170000
575,5,NAmes,1109,1971,288,372,1,2005,533,CBlock,AsphShn,10500,0,0,MetalSd,139000
576,5,NAmes,1216,1947,336,832,1,1950,384,CBlock,MetalSd,8480,0,0,MetalSd,118500
577,7,SWISU,1477,1928,216,861,2,1950,600,BrkTil,Wd Sdng,6292,1,50,Wd Sdng,145000
578,5,Sawyer,1320,1966,564,1164,1,1966,0,CBlock,VinylSd,11777,2,68,VinylSd,164500
579,7,Somerst,1392,2007,540,689,2,2007,689,PConc,VinylSd,3604,0,102,VinylSd,146000
580,5,OldTown,1795,1954,352,1050,2,1954,745,BrkTil,MetalSd,12150,0,0,MetalSd,131500
581,6,NAmes,1429,1960,572,1144,1,1987,0,CBlock,Wd Sdng,14585,2,110,Wd Sdng,181900
583,6,Edwards,816,1990,0,816,1,1990,0,CBlock,HdBoard,11841,0,32,HdBoard,118500
585,4,BrkSide,1573,1935,240,884,1,1995,584,BrkTil,AsbShng,6120,0,0,AsbShng,133000
587,6,BrkSide,838,1918,275,816,1,2000,0,BrkTil,Wd Shng,10267,0,0,Stucco,130000
588,5,Sawyer,860,1982,528,840,1,1982,0,CBlock,HdBoard,8740,0,0,HdBoard,137000
589,5,ClearCr,1473,1968,452,1437,1,2003,0,CBlock,Wd Sdng,25095,2,48,Wd Sdng,143000
591,7,CollgCr,1582,2004,520,770,2,2004,812,PConc,VinylSd,8320,0,45,VinylSd,185900
593,5,Mitchel,816,1982,816,816,1,2003,0,PConc,HdBoard,6600,0,0,HdBoard,138000
594,6,CollgCr,848,2003,420,848,1,2003,0,PConc,VinylSd,4435,0,0,VinylSd,140000
595,5,CollgCr,924,1975,280,924,1,1975,0,CBlock,HdBoard,7990,0,0,HdBoard,110000
597,6,OldTown,1368,1910,216,684,1,1993,684,CBlock,VinylSd,3600,0,158,VinylSd,114504
598,7,Blmngtn,1402,2006,648,1258,0,2007,0,PConc,VinylSd,3922,1,16,VinylSd,194201
600,6,Blueste,1556,1980,452,716,2,1980,840,CBlock,MetalSd,1950,1,0,MetalSd,151000
601,8,NridgHt,1904,2005,736,1058,2,2005,846,PConc,VinylSd,10927,1,60,VinylSd,275000
602,6,IDOTRR,1375,1937,544,780,1,1950,595,PConc,Wd Sdng,9000,1,162,Wd Sdng,141000
603,8,SawyerW,1915,1992,506,908,2,1992,988,PConc,HdBoard,10041,1,150,HdBoard,220000
604,7,Somerst,1200,2004,480,600,2,2005,600,PConc,MetalSd,3182,0,172,MetalSd,151000
605,7,CollgCr,1494,2002,530,1494,2,2002,0,PConc,VinylSd,12803,1,36,VinylSd,221000
607,5,CollgCr,1040,1996,576,1040,1,1996,0,PConc,VinylSd,12464,0,0,VinylSd,152000
610,4,Sawyer,1029,1961,261,1029,1,1961,0,CBlock,VinylSd,7943,0,0,VinylSd,118500
611,9,CollgCr,2153,2000,736,1440,2,2000,677,PConc,VinylSd,11050,2,142,VinylSd,313000
612,6,NWAmes,1032,1978,564,1032,2,1978,0,CBlock,HdBoard,10395,1,0,HdBoard,148000
613,8,CollgCr,1872,2001,531,1299,2,2001,573,PConc,VinylSd,11885,1,122,VinylSd,261500
614,5,Mitchel,1120,2007,0,1120,1,2007,0,PConc,VinylSd,8402,0,30,VinylSd,147000
616,6,NAmes,1054,1963,480,936,1,1963,0,PConc,MetalSd,8800,0,0,MetalSd,137500
617,6,Gilbert,1509,2002,393,783,2,2003,702,PConc,VinylSd,7861,1,75,VinylSd,183200
618,6,NAmes,832,1954,528,832,1,1954,0,CBlock,MetalSd,7227,0,0,MetalSd,105500
619,9,NridgHt,1828,2007,774,1822,2,2007,0,PConc,CmentBd,11694,1,108,CemntBd,314813
620,8,Timber,2262,2003,749,1482,2,2003,780,PConc,VinylSd,12244,2,0,VinylSd,305000
621,3,Edwards,864,1914,0,864,1,1950,0,BrkTil,Stucco,8248,0,0,Stucco,67000
623,5,Sawyer,980,1977,484,980,1,1977,0,CBlock,Plywood,7064,0,0,Plywood,135000
624,6,Somerst,1512,2000,440,756,2,2000,756,PConc,MetalSd,2117,1,32,MetalSd,168500
625,6,NWAmes,1790,1972,484,732,1,1972,778,CBlock,VinylSd,10400,1,0,VinylSd,165150
626,6,NAmes,1116,1962,440,1116,1,1962,0,CBlock,Wd Sdng,10000,0,0,Wd Sdng,160000
627,5,NAmes,1422,1960,286,978,1,1978,0,CBlock,Wd Sdng,12342,1,0,Wd Sdng,139900
628,6,NAmes,1520,1955,364,1156,1,1972,0,CBlock,AsbShng,9600,2,0,AsbShng,153000
629,5,NAmes,2080,1969,504,1040,1,1969,1040,PConc,Plywood,11606,2,0,Plywood,135000
630,6,NAmes,1350,1964,520,1248,1,1964,0,CBlock,Wd Sdng,9020,0,0,Plywood,168500
631,5,OldTown,1750,1880,240,636,1,1991,661,BrkTil,VinylSd,9000,0,0,VinylSd,124000
632,8,NridgHt,1554,2006,627,1554,2,2006,0,PConc,VinylSd,4590,1,73,VinylSd,209500
634,5,NAmes,1056,1954,260,1056,1,2005,0,CBlock,Wd Sdng,9250,0,0,Wd Sdng,139400
635,6,OldTown,1056,1980,576,1056,0,1980,0,CBlock,Plywood,6979,0,56,Plywood,144000
636,6,SWISU,3395,1914,0,1440,2,1995,1440,CBlock,VinylSd,10896,0,110,VinylSd,200000
637,2,BrkSide,800,1936,0,264,1,1950,0,BrkTil,AsbShng,6120,1,0,AsbShng,60000
638,5,OldTown,1387,1954,256,811,2,1954,576,CBlock,Wd Sdng,6000,0,0,Wd Sdng,93000
639,5,Edwards,796,1910,0,796,1,1950,0,CBlock,Wd Sdng,8777,0,0,MetalSd,85000
640,8,Blmngtn,1567,2006,648,1520,2,2006,0,PConc,VinylSd,3982,1,0,VinylSd,264561
642,7,Somerst,1929,2001,650,1057,2,2001,872,PConc,VinylSd,7050,1,235,VinylSd,226000
644,5,NWAmes,1620,1969,462,780,2,1969,840,CBlock,HdBoard,10793,0,0,WdShing,152000
646,6,NAmes,981,1971,576,981,1,1971,0,CBlock,Plywood,10530,0,312,Plywood,143250
647,5,NAmes,1048,1950,420,0,1,1950,0,CBlock,MetalSd,7200,0,27,MetalSd,98300
648,6,Edwards,1094,1953,495,1094,1,1953,0,CBlock,Wd Sdng,10452,2,0,Wd Sdng,155000
649,6,NAmes,1839,1966,442,756,1,1966,788,CBlock,MetalSd,7700,1,124,MetalSd,155000
650,4,MeadowV,630,1970,0,630,1,1970,0,CBlock,CmentBd,1936,0,0,CemntBd,84500
651,7,Somerst,1665,2007,562,813,2,2007,843,PConc,CmentBd,8125,0,0,CemntBd,205950
652,4,Edwards,1510,1940,296,755,1,1950,755,CBlock,MetalSd,9084,1,0,MetalSd,108000
653,7,CollgCr,1716,1996,512,880,2,1996,807,PConc,VinylSd,8750,1,120,VinylSd,191000
656,6,BrDale,1092,1971,264,525,1,1971,567,CBlock,ImStucc,1680,0,0,HdBoard,88000
657,5,NAmes,1053,1959,312,1053,1,2006,0,CBlock,HdBoard,10007,0,0,HdBoard,145500
658,7,Crawfor,1502,1931,270,776,1,2000,651,BrkTil,Wd Shng,7200,1,0,Stucco,149000
659,6,NAmes,1458,1948,330,912,1,1950,546,CBlock,VinylSd,17503,1,0,VinylSd,97500
660,5,Edwards,1486,1964,480,1486,1,1999,0,PConc,MetalSd,9937,0,0,MetalSd,167000
661,7,NWAmes,1935,1976,550,793,2,1976,793,CBlock,Plywood,12384,1,113,Plywood,197900
663,6,NAmes,1392,1968,576,1392,1,1968,0,CBlock,Wd Sdng,13560,2,0,Wd Sdng,110000
664,4,Edwards,1181,1972,588,1138,2,1972,0,CBlock,Plywood,10012,0,0,Plywood,137500
666,8,Gilbert,1936,2000,504,1406,2,2000,482,PConc,VinylSd,11194,1,124,VinylSd,230500
667,6,NAmes,2380,1965,596,1021,2,1979,915,CBlock,Plywood,18450,1,265,Plywood,129000
668,6,SawyerW,1679,1994,575,1408,2,1998,0,PConc,HdBoard,8125,1,42,HdBoard,193500
670,4,Crawfor,1180,1922,252,700,1,1950,0,BrkTil,MetalSd,11600,1,0,MetalSd,137500
671,6,CollgCr,1476,2005,540,738,2,2005,738,PConc,VinylSd,8633,0,35,VinylSd,173500
672,6,Edwards,1369,1925,300,672,2,1950,672,BrkTil,Wd Sdng,6629,0,0,Wd Sdng,103600
673,6,Veenker,1208,1977,546,1208,1,1977,0,CBlock,Plywood,11250,1,42,Plywood,165000
675,6,NAmes,1136,1965,384,1136,1,1965,0,CBlock,HdBoard,9200,1,0,HdBoard,140000
676,6,NPkVill,1441,1978,440,855,2,1978,586,CBlock,Brk Cmn,2289,1,0,Plywood,148500
677,4,OldTown,1774,1900,779,1095,2,1950,679,BrkTil,Stucco,9600,0,0,AsbShng,87000
678,5,OldTown,792,1924,240,768,1,2006,0,BrkTil,VinylSd,9022,0,0,VinylSd,109500
680,5,Sawyer,988,1961,572,988,1,1961,0,CBlock,Wd Sdng,9945,0,0,Wd Sdng,128500
681,6,SawyerW,923,1980,264,923,2,1980,0,CBlock,Plywood,8012,1,0,Plywood,143000
682,5,SWISU,1520,1932,281,793,1,2000,672,BrkTil,Stucco,4500,0,0,VinylSd,159434
683,6,ClearCr,1291,1996,431,1291,1,1997,0,PConc,Wd Sdng,2887,1,0,Wd Sdng,173000
684,9,CollgCr,1668,2002,702,1626,2,2002,0,PConc,VinylSd,11248,1,45,VinylSd,285000
685,7,NoRidge,1839,1998,486,1195,2,1998,644,PConc,VinylSd,16770,0,81,VinylSd,221000
686,7,StoneBr,2090,1984,577,1190,2,1984,900,CBlock,HdBoard,5062,1,0,HdBoard,207500
687,7,Somerst,1761,2007,578,874,3,2007,887,PConc,VinylSd,10207,0,105,VinylSd,227875
688,7,Somerst,1102,2004,480,551,2,2004,551,PConc,MetalSd,5105,0,60,MetalSd,148800
690,6,NridgHt,1362,2005,460,1362,2,2006,0,PConc,VinylSd,7577,1,28,VinylSd,194700
691,6,CollgCr,848,2004,420,848,1,2004,0,PConc,VinylSd,4426,1,0,VinylSd,141000
694,5,OldTown,1073,1921,326,1073,1,1968,0,BrkTil,MetalSd,5400,0,0,MetalSd,108480
695,5,BrkSide,1539,1936,576,927,1,1950,472,BrkTil,Wd Sdng,6120,0,0,Wd Sdng,141500
696,6,Timber,1137,1987,551,1112,2,1987,0,CBlock,HdBoard,13811,1,0,HdBoard,176000
697,5,BrkSide,616,1921,205,616,1,1950,0,CBlock,Wd Shng,6000,0,0,Wd Sdng,89000
698,5,Edwards,1148,1952,308,980,1,1952,0,PConc,Wd Sdng,6420,0,0,Wd Sdng,123500
699,5,Sawyer,894,1965,336,894,1,2009,0,CBlock,MetalSd,8450,1,144,MetalSd,138500
700,7,Somerst,1391,2004,530,1391,2,2004,0,PConc,MetalSd,4282,0,158,MetalSd,196000
701,8,Timber,1800,2002,765,1800,2,2002,0,PConc,VinylSd,14331,1,78,VinylSd,312500
702,7,NWAmes,1164,1969,528,1164,1,1969,0,CBlock,HdBoard,9600,0,0,HdBoard,140000
704,5,OldTown,1812,1900,672,360,2,1996,780,BrkTil,Wd Sdng,7630,1,0,Wd Sdng,140000
705,7,CollgCr,1484,2004,606,1473,2,2005,0,PConc,VinylSd,8400,0,35,VinylSd,213000
706,4,IDOTRR,1092,1930,0,0,2,1950,720,Slab,Wd Shng,5600,0,0,VinylSd,55000
709,7,Gilbert,1456,2007,400,728,2,2007,728,PConc,VinylSd,9018,1,24,VinylSd,179540
710,5,Sawyer,904,1966,408,876,1,1966,0,PConc,HdBoard,7162,0,0,HdBoard,109900
712,4,IDOTRR,1178,1900,384,859,1,1950,319,Stone,MetalSd,8712,0,0,MetalSd,102776
713,8,StoneBr,1228,1988,472,1228,2,1989,0,PConc,HdBoard,4671,1,120,HdBoard,189000
714,4,BrkSide,960,1970,576,960,1,1970,0,CBlock,HdBoard,9873,0,288,HdBoard,129000
715,6,Sawyer,1479,1976,475,725,2,2005,754,CBlock,Plywood,13517,0,44,HdBoard,130500
716,6,NWAmes,1350,1974,478,1064,2,1974,0,CBlock,HdBoard,10140,1,0,HdBoard,165000
717,7,OldTown,2554,1890,704,718,1,1998,978,BrkTil,VinylSd,10800,0,48,Wd Sdng,159500
718,5,NWAmes,1178,1973,439,1176,1,2000,0,CBlock,HdBoard,10000,1,0,HdBoard,157000
720,5,CollgCr,971,1969,300,971,1,1969,0,CBlock,Plywood,9920,1,0,HdBoard,128500
722,6,CollgCr,848,2004,420,848,1,2004,0,PConc,VinylSd,4426,0,0,VinylSd,143000
723,4,NAmes,864,1970,463,864,1,1970,0,CBlock,MetalSd,8120,0,0,MetalSd,124500
724,4,Edwards,1470,1954,548,941,2,1972,473,PConc,MetalSd,8172,0,0,MetalSd,135000
726,4,NAmes,864,1970,660,864,1,1970,0,CBlock,Plywood,6960,0,0,HdBoard,120500
727,6,Crawfor,1680,1988,540,880,2,2007,0,CBlock,Plywood,21695,1,44,Wd Sdng,222000
728,7,CollgCr,1232,2007,632,1232,2,2007,0,PConc,VinylSd,7314,0,0,VinylSd,194500
729,5,NAmes,1776,1958,888,1584,2,1958,0,CBlock,VinylSd,11475,0,25,VinylSd,110000
730,4,IDOTRR,1208,1925,539,780,1,1950,0,CBlock,MetalSd,6240,0,23,MetalSd,103000
731,8,StoneBr,1616,1995,608,1595,2,1996,0,PConc,CmentBd,5389,1,152,CemntBd,236500
732,7,Timber,1146,2003,438,868,2,2003,0,PConc,VinylSd,9590,1,22,VinylSd,187500
733,7,CollgCr,2031,1998,541,1153,2,1999,878,PConc,VinylSd,11404,1,84,VinylSd,222500
734,5,Sawyer,1144,1961,264,864,1,1983,0,CBlock,HdBoard,10000,1,0,HdBoard,131400
735,5,Sawyer,948,1968,300,948,1,1968,0,PConc,Plywood,8978,0,0,Plywood,108000
737,3,NAmes,1040,1950,400,0,2,1950,0,CBlock,Stone,8544,0,0,Stucco,93500
739,5,Edwards,1200,1987,0,1200,3,1988,0,CBlock,Plywood,10800,0,0,Plywood,179000
740,7,CollgCr,1728,2004,572,864,2,2004,864,PConc,VinylSd,9313,0,56,VinylSd,190000
741,5,OldTown,1432,1910,360,264,2,2002,664,BrkTil,Wd Shng,9600,0,0,Wd Sdng,132000
742,6,Sawyer,912,1961,288,912,1,1996,0,CBlock,HdBoard,6768,0,0,HdBoard,142000
743,7,SawyerW,1349,2000,539,1349,2,2001,0,PConc,VinylSd,8450,0,55,VinylSd,179000
744,5,Sawyer,1464,1963,480,520,2,1999,0,CBlock,HdBoard,12886,1,0,HdBoard,175000
745,8,StoneBr,1337,1993,462,1337,2,1993,0,PConc,HdBoard,5395,1,0,HdBoard,180000
749,7,NoRidge,1720,1996,527,1720,2,1996,0,PConc,VinylSd,10593,1,56,VinylSd,260400
750,4,Edwards,1529,1945,240,0,2,1950,441,Slab,Wd Shng,8405,0,0,WdShing,98000
751,4,OldTown,1140,1910,0,576,1,2004,348,BrkTil,Wd Sdng,8800,0,160,Wd Sdng,96500
752,7,Gilbert,1320,2003,400,660,2,2003,660,PConc,VinylSd,7750,0,48,VinylSd,162000
753,6,CollgCr,1494,1997,576,1479,2,1997,0,PConc,VinylSd,9236,0,27,VinylSd,217000
754,8,NridgHt,2098,2005,878,1030,2,2005,1060,PConc,VinylSd,10240,1,52,VinylSd,275500
755,6,NAmes,1026,1969,440,1026,1,2005,0,CBlock,Plywood,7930,0,48,Plywood,156000
756,6,Somerst,1471,1999,440,729,2,1999,729,PConc,MetalSd,3230,0,24,MetalSd,172500
757,8,CollgCr,1768,2007,578,866,2,2007,902,PConc,VinylSd,10769,0,105,VinylSd,212000
758,6,Sawyer,1386,1978,440,672,2,1978,714,CBlock,HdBoard,11616,1,0,HdBoard,158900
759,7,Somerst,1501,1999,440,744,2,1999,744,PConc,MetalSd,2280,0,0,MetalSd,179400
760,8,NoRidge,2531,1995,752,1318,2,1995,1203,PConc,VinylSd,12257,1,98,VinylSd,290000
761,6,NAmes,864,1959,300,864,1,1959,0,CBlock,Wd Sdng,9100,0,0,Wd Sdng,127500
762,5,BrkSide,1301,1924,440,1145,1,1950,0,PConc,Wd Sdng,6911,0,0,Wd Sdng,100000
763,7,Somerst,1547,2009,614,756,2,2009,783,PConc,VinylSd,8640,0,45,VinylSd,215200
766,9,Somerst,1506,2008,592,1498,2,2008,0,PConc,VinylSd,14587,1,174,VinylSd,264132
767,7,NWAmes,1714,1988,496,980,2,1988,734,CBlock,HdBoard,10421,1,66,HdBoard,196500
768,6,Mitchel,1750,1940,423,983,2,1985,767,CBlock,VinylSd,12508,0,0,VinylSd,160000
769,7,CollgCr,1836,2004,484,1860,2,2005,0,PConc,VinylSd,9100,1,33,VinylSd,216837
771,5,Sawyer,858,1982,576,858,1,1982,0,CBlock,Wd Sdng,7252,0,0,Wd Sdng,134900
773,6,Edwards,1117,1976,672,1029,1,1976,0,CBlock,Plywood,7819,1,0,Plywood,107000
774,5,NAmes,912,1958,275,912,1,1958,0,CBlock,Wd Sdng,10150,0,0,Wd Sdng,114500
776,6,Mitchel,1204,1998,412,1204,2,1998,0,PConc,VinylSd,4500,0,247,VinylSd,162000
777,7,CollgCr,1614,2005,865,1614,2,2006,0,PConc,VinylSd,11210,0,59,VinylSd,221500
778,5,Sawyer,894,1974,440,864,1,1974,0,CBlock,Plywood,13350,1,0,HdBoard,142500
779,5,SawyerW,2020,1977,630,0,2,1977,0,Slab,Plywood,8400,2,0,Plywood,144000
780,6,Mitchel,1004,1977,504,975,1,1977,0,CBlock,ImStucc,10530,0,0,Plywood,135000
781,7,Gilbert,1253,1995,402,1237,2,1996,0,PConc,HdBoard,7875,1,21,HdBoard,176000
782,6,SawyerW,1603,1992,484,761,2,1992,793,PConc,VinylSd,7153,0,124,VinylSd,175900
783,7,CollgCr,1430,2001,605,1413,2,2002,0,PConc,VinylSd,16285,0,33,VinylSd,187100
784,5,Mitchel,1110,1978,602,1097,1,1978,0,PConc,Plywood,9101,1,30,Plywood,165500
785,6,OldTown,1484,1914,0,742,2,2001,742,CBlock,Wd Shng,6300,1,291,Wd Sdng,128000
786,6,NWAmes,1342,1967,457,1372,2,1967,0,CBlock,Wd Sdng,9790,1,0,BrkFace,161500
787,5,OldTown,1652,1915,416,686,2,1950,686,PConc,MetalSd,10800,0,0,MetalSd,139000
788,7,SawyerW,2084,2004,618,956,2,2004,1128,PConc,VinylSd,10142,0,45,VinylSd,233000
789,4,OldTown,901,1954,281,901,1,2000,0,CBlock,MetalSd,6000,0,0,MetalSd,107900
790,6,ClearCr,2087,1966,444,832,2,2007,1111,CBlock,HdBoard,12205,0,168,HdBoard,187500
791,7,Blmngtn,1145,2005,397,1145,2,2006,0,PConc,VinylSd,3182,1,16,VinylSd,160200
792,6,Mitchel,1062,1976,539,1029,1,1976,0,PConc,HdBoard,11333,2,0,HdBoard,146800
794,8,Somerst,1496,2007,474,1496,2,2007,0,PConc,CmentBd,9158,0,130,CemntBd,225000
795,7,Gilbert,1895,1994,409,712,2,1996,809,PConc,MetalSd,10832,1,46,MetalSd,194500
796,6,SawyerW,1564,1980,476,650,2,1981,676,CBlock,HdBoard,8400,1,50,HdBoard,171000
797,6,Sawyer,1285,1977,528,660,1,1977,0,CBlock,Plywood,8197,1,0,Plywood,143500
798,5,NAmes,773,1953,240,773,1,1953,0,CBlock,VinylSd,7677,0,0,VinylSd,110000
801,6,ClearCr,1688,1997,603,616,2,1997,1072,PConc,VinylSd,12798,0,114,VinylSd,200000
802,4,IDOTRR,1196,1916,440,1196,1,1990,0,CBlock,MetalSd,4800,0,0,MetalSd,109900
803,7,CollgCr,1456,2005,410,728,2,2005,728,PConc,Wd Shng,8199,1,18,WdShing,189000
805,5,NAmes,1128,1954,286,936,1,1954,0,CBlock,Wd Sdng,9000,0,0,Wd Sdng,118000
806,7,Somerst,1428,2008,554,1417,2,2008,0,PConc,VinylSd,12274,0,60,VinylSd,227680
807,5,NAmes,980,1967,384,980,2,1967,0,PConc,VinylSd,9750,0,0,VinylSd,135500
809,5,NAmes,1086,1966,484,1024,1,1966,0,CBlock,VinylSd,13400,1,0,VinylSd,159950
811,6,NWAmes,1309,1974,484,1040,1,1999,0,CBlock,HdBoard,10140,1,0,HdBoard,181000
812,6,CollgCr,848,2004,420,848,1,2004,0,PConc,VinylSd,4438,1,0,VinylSd,144500
814,6,NAmes,1442,1958,301,1442,1,1958,0,CBlock,MetalSd,9750,0,0,MetalSd,157900
815,5,Edwards,1250,1918,280,686,1,1950,564,BrkTil,Stucco,8248,0,0,Stucco,116000
816,7,CollgCr,1661,1998,598,1649,2,1998,0,PConc,VinylSd,12137,0,34,VinylSd,224900
817,5,NAmes,1008,1954,275,1008,1,1954,0,CBlock,BrkFace,11425,1,0,BrkFace,137000
819,6,ClearCr,1052,1971,440,1010,1,1971,0,CBlock,HdBoard,8816,0,0,HdBoard,155000
820,7,NridgHt,1358,2009,484,1358,2,2010,0,PConc,VinylSd,6371,1,35,VinylSd,224000
821,7,CollgCr,1640,2003,595,798,2,2003,842,PConc,VinylSd,7226,0,45,VinylSd,183000
822,4,OldTown,936,1953,576,936,1,1953,0,CBlock,MetalSd,6000,0,32,MetalSd,93000
823,7,Gilbert,1733,2003,433,847,2,2003,886,PConc,VinylSd,12394,1,48,VinylSd,225000
824,6,SWISU,1489,1940,240,778,2,1950,545,BrkTil,VinylSd,9900,1,0,VinylSd,139500
825,8,Somerst,1489,2006,776,1489,2,2006,0,PConc,VinylSd,11216,1,140,VinylSd,232600
827,5,BrkSide,784,1924,0,784,1,1950,0,BrkTil,MetalSd,6130,0,0,MetalSd,109500
828,7,SawyerW,1434,2001,527,1454,2,2001,0,PConc,VinylSd,8529,1,39,VinylSd,189000
830,7,Somerst,1223,2005,480,600,2,2005,623,PConc,MetalSd,2544,0,166,MetalSd,147400
831,6,NAmes,1392,1957,458,1392,1,1957,0,CBlock,HdBoard,11900,2,0,HdBoard,166000
832,7,Somerst,1200,2005,480,600,2,2005,600,PConc,MetalSd,3180,0,166,MetalSd,151000
833,7,CollgCr,1829,2003,613,941,2,2003,888,PConc,VinylSd,9548,1,39,VinylSd,237000
834,6,NAmes,1516,1964,472,1516,1,1964,0,CBlock,Plywood,10004,0,0,HdBoard,167000
835,5,NAmes,1144,1961,456,1144,1,1961,0,CBlock,VinylSd,7875,0,0,VinylSd,139950
836,4,Sawyer,1067,1950,436,1067,2,1995,0,CBlock,HdBoard,9600,0,0,VinylSd,128000
837,5,OldTown,1559,1948,812,1559,1,1973,0,BrkTil,VinylSd,8100,0,116,VinylSd,153500
838,6,BrDale,987,1973,264,483,1,1973,504,CBlock,HdBoard,1680,0,0,HdBoard,100000
839,5,CollgCr,1099,1995,352,1099,1,2006,0,PConc,VinylSd,9525,0,0,VinylSd,144000
840,5,Edwards,1200,1946,240,768,1,1995,432,CBlock,MetalSd,11767,0,0,MetalSd,130500
841,6,SWISU,1482,1925,400,672,2,1950,672,BrkTil,Wd Sdng,12155,0,0,Wd Sdng,140000
843,6,NAmes,1165,1966,490,1127,1,1966,0,CBlock,HdBoard,9020,0,129,HdBoard,174900
844,5,NAmes,1800,1961,0,1800,2,1961,0,CBlock,BrkFace,8000,0,0,BrkFace,141000
845,5,OldTown,1416,1915,720,876,1,1950,540,BrkTil,Wd Sdng,12665,1,0,Wd Sdng,153900
846,5,Sawyer,1701,1975,611,1390,2,1981,0,CBlock,HdBoard,16647,2,0,HdBoard,171000
847,7,SawyerW,1775,1993,425,740,2,1993,769,PConc,HdBoard,9317,1,72,HdBoard,213000
848,5,CollgCr,864,1972,338,864,1,1972,0,CBlock,Plywood,15523,1,0,HdBoard,133500
850,6,Veenker,1855,1976,512,528,2,1994,761,CBlock,Plywood,9600,1,100,Plywood,187000
851,6,CollgCr,848,2003,420,848,1,2003,0,PConc,VinylSd,4435,0,0,VinylSd,131500
852,8,Blmngtn,1456,2003,400,1273,2,2003,0,PConc,VinylSd,3196,1,20,VinylSd,215000
853,7,Crawfor,1646,1941,240,918,2,1950,728,CBlock,MetalSd,7128,2,0,MetalSd,164000
854,6,NAmes,1445,1964,645,1127,1,1964,0,CBlock,HdBoard,12095,1,0,MetalSd,158000
856,5,Sawyer,1040,1962,260,1040,1,2010,0,CBlock,HdBoard,6897,0,104,HdBoard,127000
857,6,CollgCr,1026,1978,576,940,1,1978,0,CBlock,HdBoard,10970,0,0,Plywood,147000
858,6,Gilbert,1481,1994,343,702,2,1995,779,PConc,HdBoard,8125,1,36,HdBoard,174000
859,7,NWAmes,1370,1976,479,1090,2,1976,0,CBlock,HdBoard,10400,1,0,HdBoard,152000
861,7,Crawfor,1426,1918,216,912,1,1998,514,BrkTil,Wd Sdng,7642,1,240,Wd Sdng,189950
862,5,Sawyer,1039,1965,504,1039,1,1965,0,PConc,HdBoard,11625,0,0,Plywood,131500
863,6,SawyerW,1097,1984,480,1040,2,1985,0,PConc,Plywood,9672,0,0,HdBoard,152000
864,5,NAmes,1148,1959,672,1148,1,1959,0,CBlock,Plywood,7931,0,0,BrkFace,132500
866,5,NAmes,1002,1970,902,1002,1,1970,0,CBlock,MetalSd,8750,0,0,MetalSd,148500
867,8,Timber,1646,2006,870,1638,2,2007,0,PConc,VinylSd,10656,1,80,VinylSd,248900
868,4,Sawyer,1120,1961,544,1040,1,1961,0,CBlock,VinylSd,6970,0,0,VinylSd,129000
871,5,NAmes,894,1962,308,894,1,1962,0,CBlock,MetalSd,6600,0,0,MetalSd,109500
872,6,CollgCr,1682,1998,523,804,2,1998,878,PConc,VinylSd,8750,0,77,VinylSd,200500
873,5,NAmes,910,1953,414,105,1,1996,0,Stone,Wd Shng,8892,0,0,WdShing,116000
874,5,NAmes,1268,1949,288,832,1,1950,0,CBlock,HdBoard,12144,1,28,HdBoard,133000
877,4,Mitchel,1040,1963,648,1064,1,1963,0,PConc,Plywood,25286,0,0,HdBoard,132250
878,9,NridgHt,2224,2004,738,1462,2,2005,762,PConc,VinylSd,8834,1,0,VinylSd,350000
879,5,Sawyer,1155,1961,576,1109,1,1995,0,CBlock,HdBoard,11782,0,0,HdBoard,148000
880,5,CollgCr,864,1978,336,864,1,2005,0,CBlock,VinylSd,7000,0,0,VinylSd,136500
881,5,Edwards,1090,2005,450,1090,1,2006,0,PConc,VinylSd,7024,0,49,VinylSd,157000
882,7,Timber,1717,1990,400,1156,2,1991,530,CBlock,HdBoard,13758,1,36,HdBoard,187500
883,6,Gilbert,1593,1992,389,808,2,1993,785,PConc,VinylSd,9636,1,40,VinylSd,178000
884,4,SWISU,2230,1912,440,795,1,1950,795,PConc,Wd Sdng,6204,0,188,Wd Sdng,118500
885,5,NAmes,892,1967,288,892,1,1967,0,CBlock,HdBoard,7150,0,0,HdBoard,100000
887,5,NAmes,1712,1959,588,1626,2,2005,0,CBlock,MetalSd,8393,0,54,MetalSd,145000
888,5,Edwards,1393,1955,300,816,1,1955,521,PConc,MetalSd,16466,0,0,MetalSd,135500
890,6,NAmes,1505,1953,505,1505,1,1953,0,CBlock,Wd Sdng,12160,1,0,Wd Sdng,149500
891,5,NAmes,924,1949,576,672,1,2006,252,CBlock,MetalSd,8064,1,0,MetalSd,122900
892,6,Sawyer,1683,1978,440,918,2,1978,765,CBlock,HdBoard,11184,1,0,HdBoard,172500
893,6,Sawyer,1068,1963,264,1059,1,2003,0,CBlock,HdBoard,8414,0,0,HdBoard,154500
895,5,SawyerW,1535,1979,400,0,2,1979,0,Slab,Plywood,7018,0,0,Plywood,118858
896,6,NAmes,1796,1963,483,780,1,1963,813,CBlock,HdBoard,7056,1,50,HdBoard,140000
897,4,IDOTRR,951,1936,327,951,1,1950,0,BrkTil,Wd Sdng,8765,0,28,Wd Sdng,106500
898,5,SawyerW,2240,1979,528,0,2,1979,1120,Slab,Plywood,7018,0,0,Plywood,142953
900,5,Sawyer,1236,1961,288,912,1,1994,0,CBlock,Plywood,6993,1,0,HdBoard,135000
901,4,NAmes,858,1971,684,858,1,1971,0,CBlock,HdBoard,7340,0,0,HdBoard,110000
902,5,NAmes,1306,1957,756,992,1,2000,0,CBlock,MetalSd,8712,0,0,MetalSd,153000
903,7,Gilbert,1509,2003,393,783,2,2003,702,PConc,VinylSd,7875,1,75,VinylSd,180000
905,5,Sawyer,902,1967,288,876,1,1967,0,CBlock,Wd Sdng,6173,0,0,HdBoard,125500
906,5,NAmes,1063,1954,280,1056,1,1954,0,CBlock,HdBoard,9920,0,0,HdBoard,128000
907,8,Somerst,1636,2006,865,1623,2,2006,0,PConc,VinylSd,13501,1,60,VinylSd,255000
909,5,Mitchel,902,1983,484,864,1,1983,0,CBlock,HdBoard,8885,0,0,HdBoard,131000
910,6,Gilbert,1484,2005,390,742,2,2005,742,PConc,VinylSd,12589,1,24,VinylSd,174000
911,5,NAmes,2274,1960,480,1105,2,1960,1169,CBlock,MetalSd,11600,0,0,MetalSd,154300
912,5,CollgCr,1268,1977,252,1268,1,1989,0,CBlock,Plywood,9286,0,0,HdBoard,143500
913,5,BrkSide,1015,1925,450,768,1,1950,0,BrkTil,MetalSd,6120,0,0,MetalSd,88000
914,5,Crawfor,2002,1949,871,1001,2,1950,1001,CBlock,MetalSd,6270,0,0,MetalSd,145000
915,6,Somerst,1224,2009,528,612,2,2009,612,PConc,VinylSd,3000,0,234,VinylSd,173733
916,4,MeadowV,1092,1970,286,546,1,1970,546,CBlock,CmentBd,2001,0,0,CemntBd,75000
918,4,Edwards,1229,1956,284,1134,1,1956,0,CBlock,VinylSd,17140,0,0,VinylSd,135000
919,7,SawyerW,2127,1991,833,1104,2,1991,1215,PConc,HdBoard,13125,1,192,HdBoard,238000
921,6,SawyerW,1721,1994,471,928,2,1994,785,PConc,HdBoard,8462,0,87,HdBoard,201000
922,5,Edwards,2200,1900,0,1272,2,2003,928,CBlock,MetalSd,8777,0,70,MetalSd,145900
923,6,Gilbert,1316,2005,397,1316,2,2006,0,PConc,VinylSd,10237,1,0,VinylSd,169990
924,6,SawyerW,1617,1993,533,1604,2,1994,0,PConc,Plywood,8012,1,69,Plywood,193000
926,5,NWAmes,1126,1977,540,1126,2,1977,0,PConc,VinylSd,15611,0,0,VinylSd,175000
927,8,NridgHt,2374,2003,656,1181,2,2004,1140,PConc,VinylSd,11999,1,100,VinylSd,285000
928,7,NWAmes,1978,1968,486,832,2,1968,880,CBlock,MetalSd,9900,1,43,MetalSd,176000
929,8,CollgCr,1788,2001,522,1753,2,2001,0,PConc,VinylSd,11838,1,151,VinylSd,236500
930,7,Gilbert,2236,1997,642,964,2,1997,1243,PConc,HdBoard,13006,1,0,HdBoard,222000
931,8,Timber,1466,2007,610,1466,2,2007,0,PConc,VinylSd,8925,0,18,VinylSd,201000
932,5,NAmes,925,1965,429,925,1,1965,0,CBlock,VinylSd,9100,0,0,VinylSd,117500
933,9,Somerst,1905,2006,788,1905,2,2006,0,PConc,ImStucc,11670,1,191,VinylSd,320000
934,7,CollgCr,1500,2004,570,1500,2,2004,0,PConc,VinylSd,8487,0,36,VinylSd,190000
936,4,BrkSide,747,1926,528,600,1,1953,0,PConc,MetalSd,5825,0,0,MetalSd,79900
937,7,SawyerW,1200,2003,555,1176,2,2003,0,PConc,VinylSd,10083,0,41,VinylSd,184900
938,7,Somerst,1971,2005,689,1113,2,2005,858,PConc,VinylSd,9675,1,48,VinylSd,253000
939,7,CollgCr,1962,2006,868,1391,2,2006,571,PConc,VinylSd,8760,0,90,VinylSd,239799
941,6,Mitchel,1728,1976,574,1728,2,1976,0,CBlock,Plywood,12640,0,0,Plywood,150900
942,7,Gilbert,2060,1999,390,992,2,1999,1038,PConc,VinylSd,8755,1,0,VinylSd,214000
943,4,Edwards,1440,1977,0,1440,2,1977,0,PConc,MetalSd,7711,0,0,MetalSd,150000
944,5,Mitchel,1632,1967,576,1632,2,1967,0,CBlock,Plywood,25000,0,0,HdBoard,143000
945,6,Timber,1344,1958,525,819,1,1958,0,CBlock,HdBoard,14375,1,118,HdBoard,137500
946,5,OldTown,1869,1890,456,1088,1,1996,561,BrkTil,VinylSd,8820,0,0,VinylSd,124900
947,5,NAmes,1144,1959,796,1144,1,1959,0,CBlock,HdBoard,8163,1,0,HdBoard,143000
948,8,Timber,1629,2002,808,1616,2,2003,0,PConc,VinylSd,14536,1,252,VinylSd,270000
949,7,CollgCr,1776,2002,474,936,2,2002,840,PConc,VinylSd,14006,1,96,VinylSd,192500
950,6,NWAmes,1381,1972,676,1161,1,2006,0,CBlock,Plywood,9360,1,0,Plywood,197500
951,5,NAmes,864,1950,720,864,1,2002,0,CBlock,VinylSd,7200,0,0,VinylSd,129000
952,5,SawyerW,965,1965,300,828,1,1965,0,CBlock,VinylSd,7800,0,0,VinylSd,119900
953,5,CollgCr,768,1972,396,768,1,2003,0,CBlock,HdBoard,7200,0,0,WdShing,133900
954,5,Mitchel,1968,1969,530,784,2,1969,800,CBlock,HdBoard,11075,1,189,HdBoard,172000
955,6,Edwards,980,1975,0,945,2,1975,0,CBlock,Plywood,9400,0,0,WdShing,127500
956,6,Crawfor,1958,1946,492,979,2,1950,979,CBlock,MetalSd,7136,0,0,MetalSd,145000
957,6,Blueste,1229,1980,462,561,1,1980,668,CBlock,MetalSd,1300,1,0,MetalSd,124000
958,5,Sawyer,1057,1962,576,1057,1,1962,0,CBlock,MetalSd,7420,0,0,MetalSd,132000
959,7,CollgCr,1337,2003,531,1337,2,2003,0,PConc,VinylSd,8450,0,39,VinylSd,185000
960,7,Somerst,1416,1999,484,696,2,1999,720,PConc,MetalSd,2572,0,44,MetalSd,155000
961,5,BrkSide,858,1958,0,858,1,2008,0,CBlock,Plywood,7207,0,0,Wd Sdng,116500
963,6,NPkVill,1548,1976,440,804,2,1976,744,CBlock,Brk Cmn,2308,1,0,Plywood,155000
964,9,CollgCr,1800,2007,702,1800,2,2007,0,PConc,VinylSd,11923,0,136,VinylSd,239000
965,7,Timber,1894,2002,510,817,2,2003,1070,PConc,VinylSd,11316,1,40,VinylSd,214900
966,6,Gilbert,1484,2005,393,783,2,2007,701,PConc,VinylSd,10237,1,72,VinylSd,178900
967,5,Crawfor,1308,1940,256,728,1,1950,332,BrkTil,MetalSd,9600,2,70,MetalSd,160000
968,5,NAmes,1098,1955,260,1098,1,1955,0,CBlock,Wd Sdng,7390,0,0,Wd Sdng,135000
970,6,NAmes,1095,1958,264,588,1,1958,0,CBlock,HdBoard,10382,0,0,HdBoard,140000
971,4,NAmes,1192,1949,0,720,1,1950,472,CBlock,AsbShng,10800,0,0,AsbShng,135000
972,7,NridgHt,1626,2003,474,764,2,2004,862,PConc,Wd Shng,2268,0,27,VinylSd,173000
973,6,SawyerW,918,1979,264,918,2,1979,0,CBlock,Plywood,7892,1,0,Plywood,99500
974,7,Somerst,1428,2007,480,1428,2,2008,0,PConc,CmentBd,11639,0,120,CemntBd,182000
975,7,BrkSide,2019,1910,532,728,1,1993,883,BrkTil,HdBoard,11414,0,135,HdBoard,167500
976,7,Somerst,1382,2000,490,673,2,2000,709,PConc,MetalSd,2651,0,50,MetalSd,165000
977,4,BrkSide,869,1923,0,440,1,1958,0,PConc,Wd Sdng,5900,0,0,Wd Sdng,85500
978,7,Somerst,1241,2006,569,1241,1,2007,0,PConc,VinylSd,4274,0,116,VinylSd,199900
979,4,Edwards,894,1954,400,894,1,1954,0,CBlock,MetalSd,9450,0,0,MetalSd,110000
980,5,Sawyer,1121,1963,480,1121,1,1963,0,PConc,VinylSd,8816,0,80,VinylSd,139000
983,7,Blmngtn,1266,2007,388,1266,2,2007,0,PConc,VinylSd,3182,1,16,VinylSd,159895
984,8,CollgCr,2290,2002,779,1128,2,2002,1141,PConc,CmentBd,11250,1,0,CemntBd,255900
985,5,Mitchel,1734,1977,539,0,2,1977,432,CBlock,Plywood,10125,0,0,Plywood,126000
986,5,Edwards,1164,1950,240,1164,1,1950,0,CBlock,MetalSd,10880,0,48,MetalSd,125000
987,6,OldTown,1635,1910,255,485,1,2003,634,CBlock,VinylSd,5310,0,0,VinylSd,117000
989,6,NWAmes,2030,1976,551,848,2,1976,912,CBlock,Plywood,12046,1,224,Plywood,195000
990,7,Somerst,1576,2006,614,770,2,2006,798,PConc,VinylSd,8125,0,50,VinylSd,197000
994,6,CollgCr,1500,2005,564,750,2,2006,750,PConc,VinylSd,8846,0,35,VinylSd,173900
995,10,NridgHt,1718,2006,786,1700,2,2007,0,PConc,CmentBd,12456,1,48,CemntBd,337500
996,4,BrkSide,1230,1946,305,747,1,1950,456,CBlock,MetalSd,4712,0,57,MetalSd,121600
997,5,NAmes,1050,1961,368,1050,1,1961,0,CBlock,Wd Sdng,10659,0,319,Wd Sdng,136500
998,6,NWAmes,1442,1970,615,1442,2,1970,0,CBlock,HdBoard,11717,1,0,HdBoard,185000
999,3,IDOTRR,1077,1922,210,1007,1,1950,0,BrkTil,Wd Sdng,9786,1,100,Wd Sdng,91000
1000,7,CollgCr,1208,2006,632,1187,2,2006,0,PConc,VinylSd,6762,0,61,VinylSd,206000
1001,3,Edwards,944,1952,528,0,1,1952,0,Slab,Brk Cmn,10206,0,0,BrkComm,82000
1002,5,OldTown,691,1920,216,691,1,1950,0,BrkTil,Wd Sdng,5400,0,20,Wd Sdng,86000
1003,8,Somerst,1574,2006,824,1574,2,2006,0,PConc,VinylSd,11957,1,104,VinylSd,232000
1004,5,NWAmes,1680,1976,528,1680,2,1976,0,CBlock,VinylSd,11500,0,0,VinylSd,136905
1005,7,Blmngtn,1504,2005,457,1346,2,2006,0,PConc,VinylSd,3182,1,0,VinylSd,181000
1006,5,CollgCr,985,1977,328,985,2,1977,0,CBlock,HdBoard,8385,0,0,HdBoard,149900
1007,6,NAmes,1657,1970,484,1657,2,1970,0,CBlock,Plywood,12155,1,0,Plywood,163500
1008,4,MeadowV,1092,1970,286,546,1,1970,546,CBlock,CmentBd,2217,0,0,CemntBd,88000
1010,5,SWISU,1522,1926,0,1008,2,1950,0,BrkTil,Wd Sdng,6000,0,0,Wd Sdng,102000
1011,5,Sawyer,1271,1948,312,720,2,1950,551,CBlock,Wd Sdng,21286,1,0,Wd Sdng,135000
1013,6,Crawfor,1502,1923,180,602,1,1996,602,PConc,Wd Sdng,10592,2,0,Wd Sdng,165000
1014,5,OldTown,1022,1910,280,1022,1,2006,0,BrkTil,Stucco,7200,0,30,MetalSd,85000
1015,6,NAmes,1082,1948,240,1082,1,1950,0,CBlock,MetalSd,11664,1,130,MetalSd,119200
1016,8,NWAmes,1665,2001,528,810,2,2001,855,PConc,VinylSd,8400,0,45,VinylSd,227000
1017,7,CollgCr,1504,1996,478,1504,2,1996,0,PConc,VinylSd,11883,1,66,VinylSd,203000
1018,8,StoneBr,1360,1984,565,1220,1,1984,0,CBlock,HdBoard,5814,1,0,HdBoard,187500
1019,7,Gilbert,1472,1991,402,384,2,1992,670,PConc,HdBoard,10784,1,0,HdBoard,160000
1020,7,Blmngtn,1506,2005,440,1362,2,2005,0,PConc,VinylSd,3013,1,20,VinylSd,213490
1021,4,Edwards,1132,2005,451,1132,1,2005,0,PConc,VinylSd,7024,0,64,VinylSd,176000
1022,7,CollgCr,1220,2006,632,1199,2,2006,0,PConc,VinylSd,7406,0,54,VinylSd,194000
1023,5,OldTown,1248,1930,160,912,1,1950,336,CBlock,Wd Sdng,9439,0,0,Wd Sdng,87000
1024,7,Blmngtn,1504,2005,437,1346,2,2006,0,PConc,VinylSd,3182,1,20,VinylSd,191000
1026,5,CollgCr,882,1972,461,882,1,1972,0,CBlock,VinylSd,7700,0,0,VinylSd,112500
1027,5,NAmes,1264,1960,461,1268,1,1960,0,CBlock,HdBoard,9300,2,0,MetalSd,167500
1028,8,Timber,1646,2007,800,1638,2,2008,0,PConc,VinylSd,9520,1,44,VinylSd,293077
1029,5,NAmes,1376,1941,240,768,1,1950,408,CBlock,Wd Shng,9492,1,0,WdShing,105000
1030,6,BrDale,1218,1972,264,672,1,1972,546,CBlock,HdBoard,1680,0,28,HdBoard,118000
1031,5,SWISU,1928,1916,0,686,2,1995,980,PConc,VinylSd,7082,0,0,VinylSd,160000
1032,7,SWISU,3082,1920,672,824,2,1970,998,BrkTil,Plywood,15863,2,63,Wd Sdng,197000
1034,7,CollgCr,1654,2002,900,1654,2,2002,0,PConc,VinylSd,8125,0,136,VinylSd,230000
1035,5,Crawfor,954,1938,240,920,1,1950,0,PConc,MetalSd,6305,1,0,MetalSd,119750
1036,4,Edwards,845,1957,290,0,1,1957,0,Slab,Wd Sdng,11500,0,0,Wd Sdng,84000
1037,9,Timber,1620,2007,912,1620,2,2008,0,PConc,VinylSd,12898,1,0,VinylSd,315500
1038,8,CollgCr,2263,2001,905,1055,2,2002,1208,PConc,VinylSd,9240,1,45,VinylSd,287000
1039,4,MeadowV,1344,1970,0,546,1,2008,546,CBlock,CmentBd,1533,1,0,CemntBd,97000
1040,4,MeadowV,630,1970,286,630,1,1970,0,CBlock,CmentBd,1477,0,0,CemntBd,80000
1041,5,Sawyer,1803,1957,484,1134,2,2000,0,CBlock,Wd Sdng,13125,1,0,Wd Sdng,155000
1042,6,NWAmes,1632,1966,484,800,1,2000,832,CBlock,HdBoard,9130,0,40,HdBoard,173000
1043,6,NridgHt,1306,2005,624,1306,2,2005,0,PConc,VinylSd,5381,1,63,VinylSd,196000
1048,5,CollgCr,990,1994,672,990,1,1995,0,PConc,VinylSd,9245,0,0,VinylSd,145000
1049,5,Mitchel,1771,1960,336,0,1,2006,0,Slab,HdBoard,21750,1,0,HdBoard,115000
1050,4,Edwards,930,1946,308,0,1,2006,0,CBlock,MetalSd,11100,0,0,MetalSd,84900
1051,7,Gilbert,1302,2007,436,1302,2,2007,0,PConc,VinylSd,8993,0,22,VinylSd,176485
1052,7,CollgCr,1316,2007,440,1316,2,2007,0,PConc,VinylSd,11175,1,20,VinylSd,200141
1053,6,NAmes,1977,1964,540,816,1,1978,850,CBlock,VinylSd,9500,1,52,VinylSd,165000
1054,5,Edwards,1526,1957,364,1216,1,2002,0,CBlock,HdBoard,8562,1,78,HdBoard,144500
1055,8,CollgCr,1989,2002,586,1065,2,2002,898,PConc,VinylSd,11367,1,60,VinylSd,255000
1056,6,NWAmes,1523,1976,478,1193,2,1976,0,CBlock,Plywood,11361,1,0,Plywood,180000
1057,7,NridgHt,1364,2005,484,1364,2,2005,0,PConc,VinylSd,7052,1,36,VinylSd,185850
1058,7,NoRidge,1850,1994,467,973,2,1994,871,PConc,HdBoard,29959,1,98,HdBoard,248000
1059,9,NridgHt,2184,2008,836,1104,2,2008,1054,PConc,VinylSd,11308,1,102,VinylSd,335000
1061,8,StoneBr,1338,2001,582,1338,2,2001,0,PConc,CmentBd,4920,0,0,CemntBd,213500
1063,5,OldTown,2337,1900,560,662,2,1950,915,BrkTil,Wd Sdng,13600,0,57,Wd Sdng,90000
1064,6,OldTown,1103,1925,440,1103,1,1980,0,BrkTil,MetalSd,6000,1,120,MetalSd,110500
1065,5,NAmes,1154,1966,480,1154,1,1966,0,CBlock,Plywood,11000,1,58,Plywood,154000
1067,6,Gilbert,1571,1993,380,799,2,1994,772,PConc,VinylSd,7837,1,40,VinylSd,178000
1068,6,NAmes,1611,1964,442,780,1,1964,813,CBlock,HdBoard,9760,0,128,HdBoard,167900
1069,6,MeadowV,2521,1973,576,942,2,1973,1230,CBlock,CmentBd,3964,1,20,CemntBd,151400
1070,5,NAmes,893,1949,576,845,1,2003,0,CBlock,MetalSd,9600,0,0,MetalSd,135000
1071,5,NAmes,1048,1956,286,1048,1,1956,0,CBlock,MetalSd,10152,0,20,MetalSd,135000
1072,6,NWAmes,1556,1968,441,727,1,1968,727,CBlock,MetalSd,11700,0,0,MetalSd,154000
1073,5,Edwards,1456,1948,280,810,1,1950,454,CBlock,MetalSd,7585,1,0,MetalSd,91500
1074,6,Edwards,1426,1977,440,690,1,1977,728,CBlock,Plywood,7950,0,0,HdBoard,159500
1075,7,CollgCr,1240,2006,826,1240,2,2006,0,PConc,VinylSd,8556,0,93,VinylSd,194000
1077,5,OldTown,1466,1936,566,796,2,1989,370,CBlock,Wd Sdng,10800,1,21,Wd Sdng,170000
1078,5,NAmes,1096,1969,299,1096,1,1969,0,CBlock,Plywood,15870,0,32,VinylSd,138800
1079,6,CollgCr,848,2004,420,848,1,2004,0,PConc,VinylSd,4435,1,0,VinylSd,155900
1080,5,CollgCr,990,1994,299,990,1,1994,0,PConc,VinylSd,8775,0,64,VinylSd,126000
1081,6,NWAmes,1258,1971,528,1258,2,2004,0,CBlock,VinylSd,11040,0,0,VinylSd,145000
1082,5,Sawyer,1040,1963,308,1040,1,1963,0,CBlock,HdBoard,7500,0,0,HdBoard,133000
1083,7,CollgCr,1459,2002,527,1459,2,2002,0,PConc,VinylSd,8749,1,39,VinylSd,192000
1084,6,NAmes,1251,1964,461,1251,1,1964,0,CBlock,HdBoard,8800,2,116,HdBoard,160000
1085,6,Gilbert,1498,1995,409,691,2,1996,807,PConc,HdBoard,13031,1,44,HdBoard,187500
1086,6,SawyerW,996,1992,564,936,1,1992,0,PConc,HdBoard,9069,0,0,HdBoard,147000
1087,4,MeadowV,1092,1973,286,546,1,1973,546,CBlock,CmentBd,1974,0,96,CemntBd,83500
1088,8,Somerst,1953,2005,1043,1082,2,2006,871,PConc,VinylSd,10574,1,50,VinylSd,252000
1089,7,Edwards,1709,2004,380,970,2,2004,739,PConc,VinylSd,2522,0,40,VinylSd,137500
1090,8,Somerst,1247,2005,550,1247,1,2005,0,PConc,MetalSd,3316,1,84,MetalSd,197000
1091,3,NAmes,1040,1950,400,0,2,1950,0,Slab,BrkFace,8544,0,0,BrkFace,92900
1092,7,Somerst,1252,1999,462,600,2,2000,628,PConc,MetalSd,2160,0,48,MetalSd,160000
1093,6,SWISU,1694,1925,576,1181,2,1950,304,PConc,MetalSd,8400,1,0,MetalSd,136500
1094,5,NAmes,1200,1965,884,864,1,1998,0,CBlock,MetalSd,9230,0,64,MetalSd,146000
1095,5,NAmes,936,1956,308,936,1,2000,0,CBlock,MetalSd,5868,0,0,MetalSd,129000
1096,6,CollgCr,1314,2006,440,1314,2,2006,0,PConc,VinylSd,9317,1,22,VinylSd,176432
1097,6,IDOTRR,1355,1914,0,684,1,2006,582,PConc,Wd Sdng,6882,0,0,Wd Sdng,127000
1098,8,StoneBr,1088,1986,461,1074,1,1986,0,CBlock,HdBoard,3696,0,74,HdBoard,170000
1099,4,BrkSide,1324,1936,240,672,1,1950,567,BrkTil,MetalSd,6000,0,0,MetalSd,128000
1100,7,NWAmes,1601,1978,478,1271,2,1978,0,CBlock,Plywood,11880,1,0,Plywood,157000
1102,5,NAmes,950,1971,280,950,1,1971,0,CBlock,MetalSd,9758,0,0,HdBoard,119500
1103,5,NAmes,1134,1960,254,1010,1,2002,0,CBlock,Wd Sdng,7000,0,16,Wd Sdng,135000
1104,6,NAmes,1194,1959,539,655,1,1959,0,CBlock,BrkFace,8910,1,0,BrkFace,159500
1105,5,BrDale,1302,1970,440,630,2,1970,672,CBlock,HdBoard,2016,0,0,HdBoard,106000
1107,7,SawyerW,1442,1990,719,910,2,1991,0,PConc,HdBoard,10357,1,244,HdBoard,179900
1109,6,Gilbert,1690,2000,463,924,2,2000,742,PConc,VinylSd,8063,1,48,VinylSd,181000
1111,6,Gilbert,1658,1995,431,773,2,1996,885,PConc,HdBoard,8000,1,84,HdBoard,188000
1112,7,NWAmes,1964,1976,483,803,2,1976,866,CBlock,Plywood,10480,1,69,Plywood,205000
1113,5,NAmes,816,1957,308,816,1,1957,0,CBlock,Wd Shng,7100,0,0,WdShing,129900
1114,5,NAmes,1008,1953,240,1008,1,2006,0,CBlock,Wd Sdng,8923,0,18,Wd Sdng,134500
1115,5,OldTown,833,1954,326,833,1,2000,0,CBlock,MetalSd,5400,0,0,MetalSd,117000
1116,8,NridgHt,1734,2007,928,1734,2,2007,0,PConc,VinylSd,12085,1,0,VinylSd,318000
1117,8,Gilbert,1419,2002,527,408,2,2002,640,PConc,VinylSd,7750,1,0,VinylSd,184100
1118,5,Sawyer,894,1967,450,894,1,2003,0,CBlock,VinylSd,9764,0,0,VinylSd,130000
1119,5,Sawyer,1601,1958,300,533,1,1987,580,CBlock,MetalSd,13825,0,34,MetalSd,140000
1120,5,NAmes,1040,1959,286,1040,1,1959,0,CBlock,Wd Sdng,7560,0,0,BrkFace,133700
1121,6,IDOTRR,1012,1920,308,1012,1,1950,0,BrkTil,BrkFace,8263,1,22,BrkFace,118400
1122,7,CollgCr,1552,2005,782,1552,2,2006,0,PConc,VinylSd,10084,0,20,VinylSd,212900
1124,5,Edwards,698,1947,0,698,1,2008,0,CBlock,VinylSd,9405,0,200,VinylSd,118000
1125,7,Gilbert,1482,1992,392,384,2,1992,670,PConc,HdBoard,9125,1,25,HdBoard,163900
1126,4,NAmes,1005,1955,672,1005,1,1955,0,CBlock,Plywood,10434,1,0,Plywood,115000
1127,7,Blmngtn,1555,2007,660,1373,2,2007,0,PConc,VinylSd,3684,1,20,VinylSd,174000
1129,7,Gilbert,1959,2004,434,847,2,2005,1112,PConc,VinylSd,11796,1,48,VinylSd,215000
1130,5,OldTown,936,1980,672,936,1,1980,0,CBlock,MetalSd,7200,0,0,MetalSd,140000
1131,4,SWISU,1981,1928,576,1122,2,1950,653,BrkTil,Plywood,7804,2,44,WdShing,135000
1132,5,Mitchel,974,1991,0,974,1,1992,0,PConc,HdBoard,10712,0,28,HdBoard,93500
1133,6,OldTown,2210,1880,205,1008,2,1950,1032,BrkTil,Wd Sdng,9900,0,48,Wd Sdng,117500
1134,8,SawyerW,2020,1995,466,1128,2,1995,878,PConc,VinylSd,9828,1,155,VinylSd,239500
1135,6,Gilbert,1600,1997,460,916,2,1997,684,PConc,VinylSd,8773,1,38,VinylSd,169000
1136,6,BrkSide,986,1926,180,960,1,1950,0,BrkTil,Wd Sdng,6180,1,128,Wd Sdng,102000
1137,6,NAmes,1252,1950,288,1032,1,1950,220,CBlock,VinylSd,9600,0,0,VinylSd,119000
1139,6,Mitchel,1567,1977,714,1567,2,1977,0,PConc,ImStucc,9819,2,32,Plywood,196000
1140,5,BrkSide,1167,1920,495,915,1,1950,0,BrkTil,Stucco,8731,1,0,Stucco,144000
1141,5,NAmes,952,1951,840,952,1,1951,0,CBlock,HdBoard,7350,0,0,HdBoard,139000
1145,4,Edwards,924,1941,280,672,1,1950,252,BrkTil,MetalSd,12180,0,0,MetalSd,80000
1146,5,BrkSide,1576,1928,225,1042,1,1950,534,BrkTil,MetalSd,6240,1,0,MetalSd,149000
1147,6,SawyerW,1298,1985,403,1298,2,1985,0,CBlock,Wd Shng,11200,1,26,Wd Sdng,180000
1148,7,Crawfor,1564,1941,234,704,1,1950,704,CBlock,MetalSd,12000,1,0,MetalSd,174500
1149,7,OldTown,1111,1926,288,572,1,1950,539,PConc,Wd Sdng,5700,1,0,Wd Sdng,116900
1150,7,OldTown,1482,1920,324,650,1,1988,650,PConc,VinylSd,9000,0,0,VinylSd,143000
1151,6,NAmes,932,1950,306,932,1,1950,0,CBlock,BrkFace,8280,1,0,BrkFace,124000
1152,5,Edwards,1466,1959,528,1466,1,1959,0,CBlock,Plywood,17755,2,140,HdBoard,149900
1154,6,IDOTRR,816,1930,432,816,1,2007,0,BrkTil,Wd Sdng,5890,0,0,Wd Sdng,120500
1158,7,NridgHt,1314,2007,626,1314,2,2008,0,PConc,VinylSd,5001,1,62,VinylSd,230000
1159,8,Somerst,1580,2007,830,1580,2,2008,0,PConc,VinylSd,11932,0,24,VinylSd,235128
1160,6,NWAmes,1876,1974,540,901,2,1974,933,CBlock,HdBoard,9120,1,69,HdBoard,185000
1161,6,NPkVill,1456,1978,440,855,2,1978,601,CBlock,Brk Cmn,2280,1,0,Plywood,146000
1163,5,Sawyer,894,1968,450,894,1,1968,0,CBlock,VinylSd,8724,1,0,VinylSd,129000
1164,4,Sawyer,1258,1969,400,1198,0,1969,0,CBlock,Plywood,12900,0,0,Plywood,108959
1166,7,NridgHt,1502,2009,644,1502,2,2009,0,PConc,VinylSd,9541,0,114,VinylSd,233170
1168,6,Gilbert,1671,2000,472,959,2,2000,712,PConc,VinylSd,10852,1,38,VinylSd,173000
1171,6,Mitchel,1118,1977,358,1096,1,1977,0,CBlock,Plywood,9880,1,0,Plywood,171000
1172,6,NAmes,1261,1958,433,1261,1,1958,0,CBlock,MetalSd,9120,1,0,MetalSd,163000
1173,7,Somerst,1250,2006,625,625,2,2007,625,PConc,MetalSd,4017,0,54,MetalSd,171900
1177,5,Mitchel,923,1984,264,876,1,1985,0,CBlock,Plywood,6951,0,0,HdBoard,119500
1178,6,OldTown,1224,1926,210,818,1,2004,406,CBlock,MetalSd,3950,0,0,MetalSd,115000
1179,5,Crawfor,1343,1921,186,731,1,1950,523,BrkTil,Wd Sdng,7681,1,0,Wd Sdng,154900
1180,5,Edwards,1124,1954,0,0,1,1954,0,Slab,Wd Sdng,8335,1,36,Wd Sdng,93000
1184,5,OldTown,1130,1920,720,1120,1,1950,0,BrkTil,Stucco,10800,1,0,Stucco,120000
1186,5,Edwards,1221,1924,392,784,1,1950,272,BrkTil,AsbShng,9738,0,0,AsbShng,104900
1187,3,OldTown,1699,1900,420,978,2,1970,685,CBlock,HdBoard,10615,0,74,HdBoard,95000
1189,7,CollgCr,1660,2002,493,831,2,2002,829,PConc,VinylSd,8935,0,68,VinylSd,195000
1190,7,Gilbert,1804,1999,442,994,2,1999,776,PConc,VinylSd,7500,1,60,VinylSd,189000
1192,8,Somerst,1441,1999,492,776,2,2000,677,PConc,MetalSd,2645,0,0,MetalSd,174000
1193,5,OldTown,1472,1925,250,702,1,1994,630,PConc,VinylSd,9600,0,0,VinylSd,125000
1194,6,Mitchel,1224,1999,402,1224,2,1999,0,PConc,VinylSd,4500,0,304,VinylSd,165000
1195,6,Sawyer,1352,1969,299,663,1,1969,689,CBlock,HdBoard,9364,0,36,HdBoard,158000
1196,6,Gilbert,1456,2005,400,728,2,2005,728,PConc,VinylSd,8029,0,24,VinylSd,176000
1197,7,Gilbert,1863,2006,660,879,2,2006,984,PConc,VinylSd,14054,1,17,VinylSd,219210
1198,7,OldTown,1690,1916,225,815,1,1950,875,BrkTil,MetalSd,8850,1,0,MetalSd,144000
1199,7,CollgCr,1212,2001,573,1212,2,2001,0,PConc,VinylSd,9100,0,0,VinylSd,178000
1200,4,Sawyer,1382,1963,459,1051,1,1979,0,CBlock,HdBoard,11235,1,82,HdBoard,148000
1201,4,NAmes,864,1970,280,864,1,1970,0,CBlock,MetalSd,9353,0,0,MetalSd,116050
1202,7,CollgCr,1779,1998,546,866,2,1998,913,PConc,VinylSd,10400,0,36,VinylSd,197900
1203,5,BrkSide,1348,1925,216,884,1,1997,464,BrkTil,Wd Sdng,6000,1,0,Wd Sdng,117000
1204,7,CollgCr,1630,2000,451,1630,2,2001,0,PConc,VinylSd,9750,1,234,VinylSd,213000
1205,5,NWAmes,1074,1975,495,1056,1,1975,0,CBlock,HdBoard,10140,0,88,HdBoard,153500
1207,4,SawyerW,1056,1966,384,1056,1,1966,0,CBlock,HdBoard,8900,0,42,HdBoard,107000
1208,6,CollgCr,1700,2003,544,1682,2,2003,0,PConc,VinylSd,9135,0,23,VinylSd,200000
1209,5,NAmes,1283,1962,506,931,1,1980,0,CBlock,MetalSd,7763,0,0,MetalSd,140000
1210,8,Somerst,1660,2006,500,1660,2,2006,0,PConc,VinylSd,10182,1,50,VinylSd,290000
1211,6,SawyerW,1845,1992,462,1055,2,1992,790,PConc,Wd Sdng,11218,1,104,Wd Sdng,189000
1212,8,Gilbert,1752,1988,492,559,2,2005,672,Wood,Wd Sdng,12134,0,12,Wd Sdng,164000
1213,4,Edwards,672,1941,234,672,1,1950,0,CBlock,MetalSd,9340,0,113,MetalSd,113000
1214,4,Sawyer,960,1965,364,648,0,2001,0,CBlock,VinylSd,10246,0,0,VinylSd,145000
1215,5,NAmes,999,1962,300,925,1,1962,0,CBlock,MetalSd,10205,0,72,MetalSd,134500
1216,5,Sawyer,894,1966,384,894,1,1966,0,CBlock,VinylSd,7094,0,0,VinylSd,125000
1218,8,Somerst,1314,2009,552,1300,2,2009,0,PConc,CmentBd,8640,0,112,CemntBd,229456
1220,6,BrDale,1218,1971,0,672,1,1971,546,CBlock,CmentBd,1680,0,0,CemntBd,91500
1222,5,Sawyer,1211,1968,322,952,1,1968,0,CBlock,HdBoard,8250,1,63,HdBoard,134000
1223,6,NAmes,1846,1949,315,1040,2,1950,678,CBlock,Wd Sdng,10496,1,0,Wd Sdng,143000
1224,5,NAmes,2136,1951,528,2136,2,1951,0,CBlock,Wd Sdng,10680,0,30,Wd Sdng,137900
1225,7,Gilbert,1490,2004,388,788,2,2005,702,PConc,VinylSd,15384,1,75,VinylSd,184000
1226,6,NAmes,1138,1958,264,588,1,1958,0,CBlock,VinylSd,10482,0,0,VinylSd,145000
1227,6,Somerst,1933,2007,668,894,2,2007,1039,PConc,VinylSd,14598,1,18,VinylSd,214000
1228,5,NAmes,912,1965,576,912,1,2008,0,CBlock,VinylSd,8872,0,240,VinylSd,147000
1230,5,NAmes,1507,1960,404,1075,2,1960,0,CBlock,HdBoard,7910,0,0,BrkFace,127000
1232,5,NAmes,1190,1962,540,1106,1,1962,0,CBlock,Wd Sdng,7728,0,18,Wd Sdng,132500
1233,4,NAmes,1224,1962,462,0,2,1962,0,Slab,HdBoard,9842,0,0,HdBoard,101800
1234,5,NAmes,1188,1959,531,1188,1,1959,0,CBlock,Plywood,12160,0,0,Plywood,142000
1236,5,Crawfor,1784,1914,180,747,1,1950,892,BrkTil,Wd Sdng,13132,0,40,Wd Sdng,138887
1237,7,NridgHt,1626,2003,474,764,2,2003,862,PConc,Wd Shng,2628,0,27,VinylSd,175500
1238,7,CollgCr,1948,2004,434,847,2,2005,1101,PConc,VinylSd,12393,1,48,VinylSd,195000
1239,6,SawyerW,1141,2005,484,1141,1,2005,0,PConc,VinylSd,13072,0,0,VinylSd,142500
1240,8,Timber,1484,2006,472,1476,2,2006,0,PConc,VinylSd,9037,1,33,VinylSd,265900
1241,7,CollgCr,1768,2003,543,884,2,2003,884,PConc,VinylSd,8158,0,63,VinylSd,224900
1243,7,NWAmes,1173,1974,528,1053,2,1974,0,CBlock,Plywood,10625,2,120,Plywood,170000
1246,6,NWAmes,1868,1984,477,585,3,2003,728,CBlock,VinylSd,12090,1,112,VinylSd,178000
1247,7,Somerst,1553,2005,615,756,2,2006,797,PConc,VinylSd,8125,0,45,VinylSd,186500
1248,6,Mitchel,1034,1976,888,1012,1,1976,0,CBlock,HdBoard,12328,0,0,HdBoard,169900
1250,5,NAmes,988,1950,276,876,1,1950,0,CBlock,MetalSd,7200,0,80,MetalSd,119000
1252,7,NridgHt,1405,2003,478,1405,2,2003,0,PConc,Wd Shng,3136,1,36,VinylSd,171750
1253,5,Mitchel,874,1968,288,864,1,1968,0,CBlock,HdBoard,9858,0,0,HdBoard,130000
1255,7,Edwards,1656,2003,397,746,2,2004,896,PConc,VinylSd,6931,1,128,VinylSd,165400
1256,6,BrkSide,1367,1931,560,884,1,1950,408,BrkTil,Wd Sdng,6240,1,0,Wd Sdng,127500
1258,5,Edwards,864,1922,0,864,1,1950,0,PConc,Wd Sdng,4060,0,96,Wd Sdng,99900
1259,7,Gilbert,1166,2005,400,856,2,2005,0,PConc,VinylSd,9587,0,0,VinylSd,190000
1260,6,NAmes,1054,1969,460,1054,1,1969,0,CBlock,HdBoard,9750,0,0,HdBoard,151000
1261,6,Gilbert,1675,1999,502,841,2,1999,783,PConc,VinylSd,24682,1,103,VinylSd,181000
1262,5,NAmes,1050,1956,338,1050,1,1956,0,CBlock,MetalSd,9600,0,0,MetalSd,128900
1263,4,ClearCr,1788,1957,304,1104,1,1989,684,CBlock,Wd Sdng,11250,2,0,Wd Sdng,161500
1264,6,BrkSide,1824,1919,520,764,1,1950,764,PConc,Wd Sdng,13515,1,0,Wd Sdng,180500
1265,6,NAmes,1337,1998,511,1405,2,1999,0,PConc,MetalSd,4060,0,68,MetalSd,181000
1266,7,Somerst,1452,1999,506,691,2,1999,739,PConc,MetalSd,3735,0,34,MetalSd,183900
1267,7,OldTown,1889,1910,308,925,1,1950,925,CBlock,Wd Sdng,10120,1,0,Wd Sdng,122000
1270,5,NAmes,1524,1958,315,874,1,1958,650,CBlock,MetalSd,11344,0,0,MetalSd,144000
1272,6,NWAmes,1489,1968,462,1489,2,1968,0,CBlock,BrkFace,9156,1,0,BrkFace,185750
1273,5,Sawyer,935,1965,288,935,1,1965,0,CBlock,Plywood,13526,0,0,HdBoard,137000
1274,6,Edwards,1357,1959,312,1019,1,2006,0,CBlock,Plywood,11512,1,0,Plywood,177000
1275,5,Crawfor,1250,1910,552,661,2,2003,589,PConc,Wd Shng,5362,1,0,Wd Sdng,139000
1276,5,NAmes,1920,1948,400,928,2,1950,992,CBlock,AsbShng,11345,0,0,AsbShng,137000
1277,6,NWAmes,1395,1972,497,723,1,1972,660,CBlock,Plywood,12936,1,116,HdBoard,162000
1279,8,CollgCr,2031,2002,577,1128,2,2002,903,PConc,VinylSd,9473,1,211,VinylSd,237000
1280,4,IDOTRR,1128,1920,528,698,1,1950,430,CBlock,MetalSd,7500,0,0,MetalSd,68400
1281,7,CollgCr,1573,2002,544,1573,2,2002,0,PConc,VinylSd,9808,0,72,VinylSd,227000
1282,7,Timber,1339,1990,484,1309,2,1990,0,CBlock,HdBoard,8049,1,58,HdBoard,180000
1283,5,CollgCr,1040,1977,484,1040,2,2008,0,CBlock,HdBoard,8800,0,0,HdBoard,150500
1284,6,Mitchel,1824,1971,0,912,2,1971,912,CBlock,Wd Shng,9400,0,0,MetalSd,139000
1285,6,SWISU,2447,1919,336,804,2,1990,748,PConc,Wd Shng,9638,1,0,Wd Sdng,169000
1286,6,BrkSide,1412,1939,280,780,1,1950,587,CBlock,MetalSd,6000,1,0,MetalSd,132500
1287,6,NWAmes,1328,1963,528,1328,1,1963,0,CBlock,HdBoard,9790,2,26,HdBoard,143000
1289,8,StoneBr,1659,2000,499,1501,2,2000,0,PConc,CmentBd,5664,1,59,CemntBd,278000
1290,8,NridgHt,1970,2006,753,1085,2,2006,850,PConc,VinylSd,11065,1,74,VinylSd,281000
1291,5,NAmes,1152,1964,484,1152,1,1964,0,PConc,HdBoard,14112,1,0,Wd Sdng,180500
1292,5,BrDale,1302,1972,264,630,2,1972,672,CBlock,CmentBd,1680,0,0,CemntBd,119500
1293,5,OldTown,2372,1892,432,994,2,1965,994,Stone,Wd Sdng,6600,0,287,Wd Sdng,107500
1294,7,NWAmes,1664,1976,528,832,2,1976,832,PConc,HdBoard,10140,1,28,HdBoard,162900
1295,5,Edwards,864,1955,572,864,1,1990,0,CBlock,Plywood,8172,0,0,WdShing,115000
1296,5,NAmes,1052,1968,288,1052,1,1968,0,CBlock,HdBoard,8400,0,0,HdBoard,138500
1297,5,NAmes,1128,1963,525,1120,2,1963,0,CBlock,MetalSd,8700,0,20,MetalSd,155000
1298,6,Edwards,1072,2005,525,547,2,2006,0,PConc,VinylSd,3675,0,44,VinylSd,140000
1300,5,NAmes,1246,1959,305,1246,1,1994,0,CBlock,BrkFace,7500,0,0,BrkFace,154000
1301,7,Gilbert,1983,1999,490,978,2,1999,978,PConc,VinylSd,10762,1,0,VinylSd,225000
1302,6,Crawfor,1494,1942,213,771,1,1950,741,CBlock,Wd Sdng,7500,2,0,Wd Sdng,177500
1303,8,NoRidge,2526,1994,844,1165,2,1994,1323,PConc,VinylSd,10120,1,78,VinylSd,290000
1304,7,Somerst,1616,2005,834,1616,2,2005,0,PConc,VinylSd,8688,0,59,VinylSd,232000
1305,7,Edwards,1708,2004,380,976,2,2004,732,PConc,VinylSd,3363,0,40,VinylSd,130000
1306,9,NridgHt,1652,2006,840,1652,2,2007,0,PConc,VinylSd,13173,2,102,VinylSd,325000
1307,7,NridgHt,1368,2005,474,1368,2,2006,0,PConc,VinylSd,6955,1,35,VinylSd,202500
1308,5,CollgCr,990,1994,480,990,1,1995,0,PConc,VinylSd,8072,0,64,VinylSd,138000
1309,5,OldTown,1122,1948,528,924,1,2005,0,CBlock,MetalSd,12000,0,36,MetalSd,147000
1310,6,SawyerW,1294,1991,496,1278,2,1991,0,CBlock,HdBoard,7153,0,51,HdBoard,179200
1312,7,CollgCr,1274,2005,508,1274,2,2007,0,PConc,VinylSd,8814,0,98,VinylSd,203000
1315,4,Edwards,948,1954,280,948,1,1954,0,CBlock,Wd Sdng,8190,1,36,Wd Sdng,119000
1317,8,CollgCr,1630,2008,860,1622,2,2008,0,PConc,VinylSd,10226,1,42,VinylSd,295493
1318,7,Somerst,1352,2006,466,1352,2,2007,0,PConc,VinylSd,4230,1,241,VinylSd,208900
1319,8,CollgCr,1787,2001,748,1753,2,2002,0,PConc,VinylSd,14781,1,150,VinylSd,275000
1320,4,Edwards,948,1954,248,864,1,1954,0,PConc,Wd Sdng,10215,0,0,Wd Sdng,111000
1321,6,NAmes,1478,1957,442,1478,1,1957,0,CBlock,BrkFace,8400,2,0,BrkFace,156500
1322,3,BrkSide,720,1949,287,0,1,1950,0,CBlock,VinylSd,6627,0,0,VinylSd,72500
1323,7,NoRidge,1923,1992,564,750,2,1992,862,PConc,HdBoard,10186,1,39,HdBoard,190000
1324,4,BrkSide,708,1940,0,420,1,1950,0,CBlock,VinylSd,5330,0,0,VinylSd,82500
1325,8,Somerst,1795,2006,895,1795,2,2007,0,PConc,VinylSd,9986,1,49,VinylSd,147000
1327,3,Edwards,774,1931,0,544,1,2006,0,BrkTil,MetalSd,4270,0,0,MetalSd,79000
1328,5,Mitchel,816,1982,264,816,1,2008,0,CBlock,VinylSd,6600,1,0,VinylSd,130500
1330,7,Gilbert,1632,1998,462,935,2,1998,677,PConc,VinylSd,9084,1,28,VinylSd,176500
1331,8,Somerst,1588,2006,825,1588,2,2006,0,PConc,VinylSd,10000,1,45,VinylSd,227000
1332,5,CollgCr,954,1976,576,911,1,1976,0,CBlock,MetalSd,10780,0,0,MetalSd,132500
1333,4,Edwards,816,1938,288,816,1,1958,0,CBlock,MetalSd,8877,1,0,MetalSd,100000
1334,5,IDOTRR,1360,1938,297,803,1,1995,557,CBlock,Wd Sdng,7200,0,65,Wd Sdng,125500
1335,5,BrDale,1365,1970,440,765,1,1970,600,CBlock,HdBoard,2368,0,36,HdBoard,125000
1336,6,NWAmes,1334,1977,630,1350,2,1977,0,CBlock,Plywood,9650,1,16,Plywood,167900
1337,5,NWAmes,1656,1973,506,1656,2,1973,0,CBlock,Plywood,9246,0,211,Plywood,135000
1339,7,CollgCr,1861,2002,492,916,2,2002,941,PConc,VinylSd,13450,0,91,VinylSd,200000
1340,5,CollgCr,864,1972,288,864,1,1972,0,CBlock,MetalSd,9560,0,0,MetalSd,128500
1341,4,NAmes,872,1971,480,858,1,1971,0,CBlock,MetalSd,8294,0,0,MetalSd,123000
1342,6,SawyerW,1114,2003,576,1114,1,2004,0,PConc,VinylSd,13695,0,78,VinylSd,155000
1343,8,CollgCr,2169,2002,647,1284,2,2002,885,PConc,VinylSd,9375,1,87,VinylSd,228500
1344,6,Crawfor,1913,1928,342,896,1,1950,741,BrkTil,Stone,7558,1,0,BrkFace,177000
1345,7,CollgCr,1456,2006,440,728,2,2006,728,PConc,VinylSd,11103,1,0,VinylSd,155835
1346,4,OldTown,960,1920,308,960,1,1950,0,PConc,MetalSd,6000,0,0,MetalSd,108500
1348,8,Timber,1776,2006,712,1732,2,2007,0,PConc,VinylSd,15306,1,0,VinylSd,283463
1349,7,SawyerW,1494,1998,514,1482,2,1998,0,PConc,VinylSd,16196,1,25,VinylSd,215000
1352,6,NAmes,1716,1962,490,858,1,1962,858,CBlock,HdBoard,9247,1,84,HdBoard,171000
1353,6,BrkSide,1176,1937,624,698,1,2000,390,BrkTil,MetalSd,6000,0,0,MetalSd,134900
1355,7,CollgCr,1865,2000,839,992,2,2000,873,PConc,VinylSd,10316,1,184,VinylSd,235000
1356,7,NWAmes,1920,1968,487,570,3,1992,698,CBlock,MetalSd,10192,1,98,MetalSd,170000
1357,5,NAmes,892,1966,264,864,1,1966,0,CBlock,HdBoard,9477,0,0,HdBoard,110000
1358,5,NAmes,1078,1971,500,1078,1,2008,0,CBlock,VinylSd,12537,1,0,VinylSd,149900
1359,6,Somerst,1573,2000,440,756,2,2000,804,PConc,MetalSd,2117,0,32,MetalSd,177500
1360,9,NridgHt,1980,2004,770,1980,2,2005,0,PConc,VinylSd,16737,1,45,VinylSd,315000
1362,7,StoneBr,1530,2005,430,1530,2,2005,0,PConc,VinylSd,16158,1,36,VinylSd,260000
1363,4,NAmes,1738,1920,368,715,2,2007,457,BrkTil,VinylSd,12513,1,0,VinylSd,104900
1364,6,Gilbert,1412,2006,432,616,2,2007,796,PConc,VinylSd,8499,1,36,VinylSd,156932
1365,7,Somerst,1200,2005,480,600,2,2005,600,PConc,MetalSd,3180,0,166,MetalSd,144152
1366,7,Somerst,1674,2000,663,814,2,2000,860,PConc,VinylSd,7500,0,96,VinylSd,216000
1367,7,CollgCr,1790,1999,588,873,2,1999,908,PConc,VinylSd,9179,0,88,VinylSd,193000
1368,5,MeadowV,1475,1977,336,757,2,1977,550,PConc,CmentBd,2665,1,26,CemntBd,127000
1369,6,CollgCr,848,2003,420,848,1,2004,0,PConc,VinylSd,4435,0,0,VinylSd,144000
1370,8,CollgCr,1668,2003,502,1657,2,2003,0,PConc,VinylSd,10635,1,262,VinylSd,232000
1372,6,NAmes,1661,1955,377,992,1,1996,0,CBlock,AsbShng,9600,1,28,AsbShng,165500
1373,7,CollgCr,2097,1998,583,1108,2,1998,989,PConc,VinylSd,9750,1,170,VinylSd,274300
1375,7,Somerst,1958,2005,936,1026,2,2005,932,PConc,CmentBd,10625,1,210,CemntBd,250000
1376,8,Timber,1571,2007,722,1571,2,2007,0,PConc,VinylSd,10991,1,36,VinylSd,239000
1377,6,SWISU,790,1930,160,768,1,1950,0,BrkTil,Wd Sdng,6292,0,141,Wd Sdng,91000
1378,5,Edwards,1604,1941,660,984,2,1960,620,CBlock,Wd Sdng,10998,0,68,Wd Sdng,117000
1379,6,BrDale,987,1973,264,483,1,1973,504,CBlock,HdBoard,1953,0,0,HdBoard,83000
1380,5,Timber,1394,2006,400,384,2,2007,640,PConc,VinylSd,9735,0,0,VinylSd,167500
1381,3,Edwards,864,1914,200,864,1,1950,0,BrkTil,Stucco,8212,0,0,Stucco,58500
1383,7,OldTown,1762,1920,576,596,1,1950,764,BrkTil,Wd Sdng,7200,0,0,Wd Sdng,157000
1384,5,Sawyer,1416,1918,576,816,2,2007,0,BrkTil,Wd Sdng,25339,0,0,Wd Sdng,112000
1385,6,Edwards,1258,1939,280,560,1,1950,560,BrkTil,Wd Shng,9060,0,0,WdShing,105000
1386,4,IDOTRR,1154,1922,240,796,1,2007,358,BrkTil,VinylSd,5436,0,96,VinylSd,125500
1388,6,OldTown,2526,1916,216,714,2,1950,862,BrkTil,Stucco,8520,1,15,Stucco,136000
1390,6,BrkSide,1218,1941,440,735,1,1950,349,BrkTil,Wd Sdng,6000,1,0,Wd Sdng,131000
1391,7,CollgCr,1525,2000,541,1525,2,2000,0,PConc,VinylSd,9100,0,36,VinylSd,235000
1392,5,NAmes,1584,1967,792,1584,2,1967,0,CBlock,Plywood,8944,0,152,Plywood,124000
1393,5,NAmes,900,1967,288,864,1,1967,0,CBlock,HdBoard,7838,1,144,HdBoard,123000
1395,7,Blmngtn,1500,2006,648,1356,2,2006,0,PConc,VinylSd,4045,1,20,VinylSd,246578
1396,8,Timber,2482,2005,642,1094,2,2006,1349,PConc,VinylSd,12665,1,39,VinylSd,281213
1398,5,BrkSide,1513,1920,180,939,1,2004,574,BrkTil,MetalSd,6120,0,0,MetalSd,137500
1399,5,NAmes,1904,1950,240,1208,1,1982,768,CBlock,Wd Sdng,7200,0,0,VinylSd,138000
1400,6,SWISU,1608,1925,216,976,2,1990,448,BrkTil,Wd Shng,6171,1,16,WdShing,137450
1401,6,BrkSide,1158,1929,208,862,1,1950,208,BrkTil,Wd Shng,6000,1,0,WdShing,120000
1402,6,Gilbert,1593,2004,398,839,2,2004,729,PConc,VinylSd,7415,1,75,VinylSd,193000
1403,7,CollgCr,1294,2006,662,1286,2,2006,0,PConc,VinylSd,6762,1,55,VinylSd,193879
1405,3,OldTown,1214,1915,936,672,1,1950,520,PConc,Wd Sdng,10410,0,0,Wd Sdng,105000
1406,8,Crawfor,1646,2004,482,1594,2,2005,0,PConc,CmentBd,3842,1,53,CemntBd,275000
1407,5,CollgCr,768,1972,396,768,1,2007,0,CBlock,Wd Shng,8445,0,0,HdBoard,133000
1409,4,OldTown,1363,1910,528,622,1,1950,622,CBlock,VinylSd,7740,0,0,VinylSd,125500
1410,7,NWAmes,2093,1986,542,791,2,1991,857,CBlock,Plywood,20544,1,63,Plywood,215000
1411,7,CollgCr,1840,2001,622,944,2,2001,896,PConc,VinylSd,12420,0,45,VinylSd,230000
1412,6,NAmes,1668,1950,271,856,1,2005,556,CBlock,VinylSd,9600,0,0,VinylSd,140000
1413,4,NAmes,1040,1949,420,0,2,1950,0,Slab,Stone,7200,0,0,BrkFace,90000
1414,8,SawyerW,1844,2005,620,1844,2,2006,0,PConc,VinylSd,10994,1,44,VinylSd,257000
1416,7,Blmngtn,1569,2007,660,1386,2,2007,0,PConc,VinylSd,3635,1,20,VinylSd,175900
1417,4,OldTown,2290,1885,560,777,2,1950,1044,PConc,AsbShng,11340,0,0,VinylSd,122500
1419,5,NAmes,1144,1963,336,1144,1,1963,0,CBlock,HdBoard,9204,0,88,HdBoard,124000
1420,6,Crawfor,1844,1969,540,1844,2,1969,0,CBlock,Plywood,16381,1,73,Plywood,223000
1421,6,NWAmes,1416,1968,776,708,2,1968,708,CBlock,HdBoard,11700,1,169,HdBoard,179900
1422,6,NPkVill,1069,1977,440,1069,2,1977,0,CBlock,Plywood,4043,1,55,Plywood,127500
1423,6,CollgCr,848,2003,420,848,1,2003,0,PConc,VinylSd,4435,0,0,VinylSd,136500
1425,5,NAmes,1344,1958,484,1024,1,1983,0,CBlock,HdBoard,9503,1,28,HdBoard,144000
1426,6,NAmes,1252,1959,528,1252,1,1959,0,CBlock,HdBoard,10721,0,39,HdBoard,142000
1427,7,NoRidge,2127,1994,525,1223,2,1994,904,PConc,VinylSd,10944,2,132,VinylSd,271000
1428,5,NAmes,1558,1945,288,913,1,1950,510,CBlock,MetalSd,10930,1,0,MetalSd,140000
1429,5,OldTown,804,1940,240,788,1,1992,0,CBlock,MetalSd,7200,2,0,MetalSd,119000
1430,6,NWAmes,1440,1981,467,1440,2,1981,0,CBlock,MetalSd,12546,1,0,MetalSd,182900
1432,6,NPkVill,958,1976,440,958,2,1976,0,CBlock,Plywood,4928,0,60,Plywood,143750
1433,4,OldTown,968,1927,216,656,2,2007,0,BrkTil,Wd Sdng,10800,0,0,Wd Sdng,64500
1434,6,Gilbert,1792,2000,451,936,2,2000,830,PConc,VinylSd,10261,1,0,VinylSd,186500
1435,5,Mitchel,1126,1977,484,1126,2,1977,0,CBlock,BrkFace,17400,1,41,BrkFace,160000
1436,6,NAmes,1537,1962,462,1319,1,2005,0,CBlock,Wd Sdng,8400,1,36,Wd Sdng,174000
1437,4,NAmes,864,1971,528,864,1,1971,0,PConc,HdBoard,9000,0,0,HdBoard,120500
1439,6,OldTown,1236,1957,923,912,1,1996,0,CBlock,MetalSd,7407,0,158,MetalSd,149700
1440,7,NWAmes,1725,1979,550,539,2,1979,685,CBlock,HdBoard,11584,1,88,HdBoard,197000
1441,6,Crawfor,2555,1922,672,588,2,1994,748,BrkTil,MetalSd,11526,1,0,MetalSd,191000
1442,6,CollgCr,848,2004,420,848,1,2004,0,PConc,VinylSd,4426,1,0,VinylSd,149300
1443,10,Somerst,2007,2008,812,1017,2,2008,981,PConc,VinylSd,11003,1,52,VinylSd,310000
1444,6,BrkSide,952,1916,192,952,1,1950,0,BrkTil,Wd Sdng,8854,1,98,Wd Sdng,121000
1445,7,CollgCr,1422,2004,626,1422,2,2004,0,PConc,VinylSd,8500,0,60,VinylSd,179600
1446,6,Sawyer,913,1966,240,814,1,1966,0,CBlock,VinylSd,8400,0,0,VinylSd,129000
1447,5,Mitchel,1188,1962,312,1188,1,1962,0,CBlock,HdBoard,26142,0,39,HdBoard,157900
1448,8,CollgCr,2090,1995,556,1220,2,1996,870,PConc,VinylSd,10000,1,65,VinylSd,240000
1449,4,Edwards,1346,1910,384,560,1,2000,550,CBlock,HdBoard,11767,0,24,MetalSd,112000
1450,5,MeadowV,630,1970,0,630,1,1970,0,CBlock,CmentBd,1533,0,0,CemntBd,92000
1451,5,NAmes,1792,1974,0,896,2,1974,896,CBlock,VinylSd,9000,0,45,VinylSd,136000
1452,8,Somerst,1578,2008,840,1573,2,2009,0,PConc,CmentBd,9262,1,36,CemntBd,287090
1453,5,Edwards,1072,2005,525,547,1,2005,0,PConc,VinylSd,3675,0,28,VinylSd,145000
1454,5,Mitchel,1140,2006,0,1140,1,2006,0,PConc,VinylSd,17217,0,56,VinylSd,84500
1455,7,Somerst,1221,2004,400,1221,2,2005,0,PConc,VinylSd,7500,0,113,VinylSd,185000
1456,6,Gilbert,1647,1999,460,953,2,2000,694,PConc,VinylSd,7917,1,40,VinylSd,175000
1459,5,NAmes,1078,1950,240,1078,1,1996,0,CBlock,MetalSd,9717,0,0,MetalSd,142125
1460,5,Edwards,1256,1965,276,1256,1,1965,0,CBlock,HdBoard,9937,0,68,HdBoard,147500
